geoid,uninsured_pct,high_bp_pct,asthma_pct,no_check_up_pct,no_dental_visit_pct,diabetes_pct,high_cholesterol_pct
01001,8.95,40.1,10.0,80.2,61.9,12.350000000000001,38.8
01003,8.55,40.4,9.350000000000001,79.1,63.05,11.9,39.099999999999994
01005,14.55,47.8,10.850000000000001,80.35,45.8,18.05,39.75
01007,12.8,44.349999999999994,10.4,78.25,50.7,15.05,39.55
01009,11.75,38.6,9.9,78.25,54.45,12.55,38.95
01011,17.95,54.5,11.5,81.19999999999999,39.25,22.950000000000003,40.150000000000006
01013,11.55,47.9,11.0,81.44999999999999,49.55,17.049999999999997,39.7
01015,10.8,43.15,10.6,78.44999999999999,56.25,13.850000000000001,37.9
01017,11.8,45.75,10.8,80.2,48.65,16.2,38.3
01019,10.4,41.7,10.25,78.35,57.6,13.9,41.349999999999994
01021,11.85,41.05,10.0,78.05,59.1,13.05,40.5
01023,11.4,48.45,11.0,81.44999999999999,49.400000000000006,17.55,40.849999999999994
01025,11.3,46.5,10.9,81.15,50.400000000000006,16.65,38.5
01027,11.35,44.1,10.5,79.05000000000001,50.6,14.7,40.55
01029,10.35,39.95,10.05,77.75,52.6,13.149999999999999,39.7
01031,11.5,41.5,10.2,78.5,59.7,13.75,37.75
01033,10.0,41.45,10.350000000000001,79.2,56.099999999999994,13.55,39.3
01035,13.149999999999999,50.6,11.15,81.3,49.25,19.450000000000003,40.5
01037,11.4,45.45,10.4,80.15,52.55,16.05,39.95
01039,10.65,43.0,10.3,79.30000000000001,54.45,14.55,40.6
01041,11.45,43.7,10.55,79.75,52.95,15.0,39.05
01043,10.3,39.8,9.850000000000001,78.1,54.9,12.2,38.35
01045,11.65,42.4,10.350000000000001,79.0,54.6,14.75,39.400000000000006
01047,12.65,52.2,11.7,83.0,47.849999999999994,20.25,40.400000000000006
01049,15.05,42.25,10.1,77.1,47.55,14.5,39.55
01051,9.35,39.900000000000006,10.0,79.6,59.8,12.2,38.150000000000006
01053,13.3,46.3,10.95,79.5,48.3,17.05,39.7
01055,11.05,43.599999999999994,10.3,78.95,54.400000000000006,14.850000000000001,39.25
01057,11.25,44.25,10.4,79.05,50.2,14.850000000000001,39.599999999999994
01059,16.1,42.15,10.0,77.4,50.55,15.149999999999999,40.7
01061,12.15,42.3,10.45,78.6,54.5,14.7,39.900000000000006
01063,15.0,56.099999999999994,12.15,83.45,41.85,24.1,40.650000000000006
01065,12.600000000000001,48.55,11.4,81.45,49.150000000000006,18.0,38.8
01067,10.600000000000001,44.25,10.4,79.95,50.150000000000006,14.75,39.8
01069,10.600000000000001,42.15,10.45,80.4,53.7,14.399999999999999,37.2
01071,11.5,42.75,10.350000000000001,78.3,52.4,14.35,39.55
01073,9.2,41.35,9.9,80.6,58.45,14.3,37.45
01075,11.2,44.05,10.4,78.85,54.7,14.8,41.0
01077,9.25,37.75,9.95,78.7,60.3,11.95,37.65
01079,10.8,41.5,10.55,78.5,52.400000000000006,14.0,39.3
01081,8.95,38.05,10.05,79.15,57.25,12.6,35.8
01083,9.399999999999999,39.0,9.7,78.75,60.400000000000006,11.7,38.05
01085,14.3,53.45,11.75,82.65,44.75,21.75,39.2
01087,11.55,49.5,11.75,83.0,47.7,18.85,37.05
01089,8.15,37.400000000000006,9.4,79.8,62.849999999999994,11.5,36.85
01091,11.8,48.6,11.05,81.8,49.8,17.950000000000003,40.8
01093,11.35,42.599999999999994,10.3,78.1,54.0,13.9,40.45
01095,12.8,39.6,9.8,77.2,57.0,13.45,39.65
01097,10.35,41.35,9.75,78.85,51.45,15.100000000000001,37.75
01099,12.45,48.0,11.2,81.05,49.400000000000006,17.65,39.3
01101,10.3,45.05,10.75,82.5,53.5,15.6,36.05
01103,11.45,42.2,9.9,78.15,55.3,13.5,38.849999999999994
01105,14.15,54.4,12.05,83.0,43.25,22.55,39.95
01107,13.7,45.95,10.649999999999999,80.2,50.599999999999994,16.6,39.6
01109,10.5,41.6,10.9,79.6,55.45,14.35,35.900000000000006
01111,10.55,42.900000000000006,10.350000000000001,79.75,52.75,14.4,40.65
01113,12.05,45.2,11.05,80.0,49.3,16.3,38.75
01115,9.35,39.5,10.0,78.85,61.2,11.95,39.75
01117,7.25,38.3,9.350000000000001,78.85,67.65,10.399999999999999,38.0
01119,11.45,49.55,11.649999999999999,82.75,45.849999999999994,18.95,37.8
01121,11.15,45.6,10.649999999999999,80.6,52.55,15.7,38.900000000000006
01123,10.35,44.65,10.4,80.7,55.7,14.75,40.8
01125,9.45,39.849999999999994,10.25,80.94999999999999,55.55,12.2,37.5
01127,10.95,41.35,10.350000000000001,78.6,51.8,13.649999999999999,38.5
01129,9.95,44.099999999999994,10.6,79.55,50.5,15.15,39.55
01131,14.75,53.55,12.0,82.44999999999999,40.400000000000006,21.450000000000003,39.9
01133,12.149999999999999,43.2,10.350000000000001,78.25,56.7,14.6,41.7
02013,15.85,33.5,7.8,64.4,47.85,12.850000000000001,33.6
02016,13.05,31.450000000000003,7.8,64.15,51.400000000000006,11.100000000000001,32.8
02020,9.5,31.45,10.649999999999999,70.7,64.2,8.850000000000001,30.5
02050,15.9,38.6,13.5,64.25,37.0,14.25,30.85
02060,9.75,33.75,11.05,66.44999999999999,58.55,10.2,32.25
02063,9.0,31.549999999999997,10.0,66.95,61.2,8.8,32.4
02066,9.75,35.25,10.8,68.15,57.900000000000006,10.15,32.6
02068,9.4,30.95,9.850000000000001,66.5,61.45,8.15,31.3
02070,13.350000000000001,34.15,12.649999999999999,63.6,47.099999999999994,12.75,30.9
02090,9.7,31.0,10.0,66.3,62.55,8.100000000000001,31.700000000000003
02100,8.0,34.3,10.2,69.5,61.6,9.25,33.95
02105,10.75,38.0,11.45,69.35,53.5,12.600000000000001,35.0
02110,8.6,30.95,10.2,67.65,62.75,8.35,32.95
02122,10.100000000000001,32.85,10.350000000000001,64.25,59.9,8.850000000000001,34.65
02130,9.65,32.849999999999994,10.350000000000001,68.2,60.75,9.35,32.05
02150,10.5,30.6,9.3,67.35,55.75,9.55,33.25
02158,18.1,40.0,14.649999999999999,65.05,32.0,17.25,31.2
02164,12.35,36.6,12.5,67.45,49.5,13.6,32.1
02170,9.8,31.2,10.7,70.35,55.9,8.65,33.8
02180,13.5,34.55,12.75,64.65,38.95,13.35,31.2
02185,11.399999999999999,35.099999999999994,10.4,64.94999999999999,51.7,10.9,30.95
02188,14.2,37.45,13.25,66.5,42.7,14.35,30.9
02195,10.05,32.9,9.9,66.80000000000001,59.85,9.5,33.45
02198,11.45,36.3,12.0,68.4,52.55,12.5,32.95
02220,8.9,31.85,10.1,67.75,61.25,9.15,30.9
02230,9.85,31.65,10.05,67.45,58.75,8.45,31.95
02240,11.6,34.15,10.1,65.05000000000001,52.8,9.6,30.950000000000003
02275,10.6,36.099999999999994,10.8,68.5,56.4,11.0,35.6
02282,12.35,37.15,11.05,67.1,52.150000000000006,12.149999999999999,34.3
02290,13.65,39.25,12.649999999999999,68.05000000000001,43.0,15.2,34.95
04001,14.35,34.35,14.350000000000001,70.9,43.95,16.4,31.2
04003,14.55,35.45,10.45,73.1,55.7,12.149999999999999,37.05
04005,10.25,27.7,11.7,68.8,60.849999999999994,9.55,31.15
04007,12.649999999999999,34.25,11.35,74.3,52.55,12.75,35.45
04009,16.0,31.75,11.2,70.5,54.65,11.15,31.8
04011,16.1,29.25,10.1,70.9,57.45,10.35,33.45
04012,17.35,38.65,11.0,74.3,49.75,14.5,36.95
04013,13.0,29.700000000000003,10.05,72.65,61.95,10.1,34.75
04015,13.7,36.5,11.1,71.35,52.55,11.95,36.55
04017,13.3,38.0,13.7,69.85,50.150000000000006,13.7,33.0
04019,12.85,32.1,10.95,74.5,57.5,10.25,35.349999999999994
04021,13.85,33.900000000000006,10.850000000000001,74.05000000000001,56.45,11.9,37.4
04023,26.1,33.5,9.45,71.6,52.0,14.35,36.2
04025,11.2,32.5,10.9,73.35,60.95,10.05,35.6
04027,24.1,33.45,9.75,72.55000000000001,51.0,13.7,33.5
05001,11.45,42.349999999999994,10.7,79.44999999999999,48.3,13.649999999999999,36.1
05003,13.3,45.75,11.1,79.80000000000001,49.2,16.25,38.3
05005,10.35,41.6,10.35,79.35,53.75,12.65,35.95
05007,10.95,32.25,9.2,78.2,62.8,10.05,31.549999999999997
05009,9.75,37.650000000000006,10.3,77.75,54.55,11.75,36.7
05011,15.65,45.8,10.850000000000001,79.35,46.7,15.950000000000001,38.35
05013,10.55,42.0,10.350000000000001,78.8,51.2,12.95,37.25
05015,14.25,41.349999999999994,9.850000000000001,77.55,54.6,13.2,37.85
05017,14.8,49.55,11.1,80.44999999999999,41.9,18.3,37.95
05019,10.7,40.95,10.9,79.1,52.3,12.9,34.6
05021,11.3,40.05,10.45,76.85,49.3,12.6,37.400000000000006
05023,10.55,40.4,10.25,78.2,54.65,12.899999999999999,37.7
05025,10.45,42.95,10.55,78.3,48.0,13.3,36.900000000000006
05027,11.3,42.3,11.05,79.55,52.35,13.95,34.099999999999994
05029,11.5,43.65,10.649999999999999,78.1,48.05,14.0,37.8
05031,10.649999999999999,38.8,10.55,77.4,52.150000000000006,11.399999999999999,35.05
05033,11.85,39.65,10.3,77.19999999999999,54.3,11.95,37.9
05035,12.5,46.05,11.6,80.80000000000001,46.75,15.65,36.95
05037,12.45,44.0,10.95,78.44999999999999,49.75,14.75,37.25
05039,11.45,45.55,10.75,80.05,49.5,14.9,37.099999999999994
05041,16.4,49.75,11.850000000000001,80.19999999999999,40.599999999999994,19.15,38.3
05043,12.3,43.25,11.1,79.2,51.9,14.35,36.3
05045,9.2,35.7,10.149999999999999,77.45,59.849999999999994,10.850000000000001,34.900000000000006
05047,11.8,41.55,10.649999999999999,77.3,47.35,13.149999999999999,38.05
05049,11.75,44.35,10.7,78.6,44.099999999999994,14.75,38.85
05051,10.65,41.8,10.2,78.25,57.0,12.95,35.3
05053,9.5,37.7,9.95,76.95,54.65,10.9,36.5
05055,11.35,40.9,10.5,77.25,50.75,11.75,36.3
05057,14.55,43.35,10.75,78.5,50.150000000000006,15.100000000000001,36.2
05059,11.5,40.9,10.350000000000001,77.2,51.5,12.75,37.4
05061,12.8,41.65,10.649999999999999,78.45,53.9,13.85,36.2
05063,11.85,39.25,10.45,77.65,49.7,12.4,37.5
05065,12.2,43.55,10.4,77.65,51.8,13.95,37.95
05067,13.649999999999999,42.9,11.0,77.2,45.55,14.55,37.0
05069,12.3,49.05,11.25,81.44999999999999,46.45,16.35,36.7
05071,14.100000000000001,40.35,10.350000000000001,76.6,45.45,13.5,37.65
05073,14.6,48.25,11.5,79.45,42.75,17.950000000000003,38.8
05075,11.85,41.400000000000006,10.75,77.4,47.45,13.2,37.3
05077,15.9,49.75,11.0,79.05,40.85,18.4,36.900000000000006
05079,14.7,43.05,9.8,76.1,44.65,13.65,35.75
05081,11.100000000000001,43.0,10.75,78.80000000000001,53.25,14.05,37.15
05083,10.95,41.55,10.55,77.80000000000001,51.55,12.850000000000001,37.599999999999994
05085,9.95,37.75,10.3,77.85,57.1,10.7,37.0
05087,12.75,41.25,10.45,76.9,48.95,12.600000000000001,37.15
05089,11.05,40.7,10.45,77.80000000000001,53.7,13.75,38.4
05091,12.399999999999999,42.8,11.1,78.9,47.45,14.2,35.55
05093,12.7,44.9,11.1,79.1,45.7,14.3,35.25
05095,12.8,48.05,11.45,80.25,46.3,16.700000000000003,38.4
05097,11.45,42.599999999999994,10.5,78.75,51.25,13.899999999999999,40.099999999999994
05099,12.850000000000001,47.35,11.0,79.5,47.85,16.25,38.5
05101,10.55,42.55,10.4,78.15,51.75,13.100000000000001,38.7
05103,11.600000000000001,46.1,11.1,80.5,51.349999999999994,15.8,37.15
05105,10.6,40.25,10.25,77.4,53.95,12.45,37.85
05107,13.9,52.3,12.3,82.0,39.75,19.45,37.35
05109,11.7,41.15,10.3,77.95,52.849999999999994,12.9,38.2
05111,12.85,40.6,10.850000000000001,77.25,44.95,13.35,37.7
05113,12.1,41.0,10.55,77.9,52.099999999999994,13.65,38.35
05115,12.3,37.5,10.6,75.85,53.7,12.05,36.05
05117,10.95,42.650000000000006,10.5,78.75,50.5,13.2,37.599999999999994
05119,10.45,40.85,10.3,80.1,58.599999999999994,12.2,34.3
05121,11.95,41.0,10.7,77.2,49.1,13.45,37.05
05123,15.25,48.35,11.0,79.55,40.5,17.75,34.6
05125,9.399999999999999,37.75,10.05,78.4,62.55,10.4,35.85
05127,12.8,40.85,10.350000000000001,77.25,50.1,13.25,37.5
05129,12.45,44.349999999999994,10.8,78.05,47.45,15.05,39.9
05131,13.100000000000001,39.0,10.3,76.9,52.55,12.3,37.75
05133,20.85,38.900000000000006,10.2,76.05000000000001,48.4,14.45,37.0
05135,11.5,42.150000000000006,10.7,78.8,49.6,13.95,38.75
05137,11.7,42.8,10.65,78.35,48.349999999999994,14.5,39.3
05139,11.65,43.7,10.95,79.55,54.3,14.5,37.15
05141,11.850000000000001,42.5,10.5,78.15,47.35,13.85,38.55
05143,12.75,35.5,10.2,75.44999999999999,56.349999999999994,10.399999999999999,32.95
05145,11.15,38.75,10.649999999999999,76.6,51.35,11.75,36.7
05147,12.95,45.599999999999994,11.1,79.25,47.05,16.0,38.15
05149,15.700000000000001,40.9,10.1,76.4,49.2,13.45,38.2
06001,7.15,27.5,8.8,72.0,65.25,10.55,31.85
06003,6.0,31.8,10.35,72.9,66.2,10.05,34.3
06005,7.8,33.45,10.05,71.15,65.35,10.2,34.65
06007,8.350000000000001,31.35,10.5,71.44999999999999,61.099999999999994,10.3,32.25
06009,7.5,33.0,10.4,73.5,63.75,11.149999999999999,35.85
06011,17.8,30.8,9.8,68.85,56.0,12.8,32.95
06013,7.949999999999999,29.35,9.4,71.45,67.05,10.45,33.75
06015,9.899999999999999,33.4,10.8,71.05000000000001,53.25,11.35,34.0
06017,5.95,30.05,9.850000000000001,72.9,70.30000000000001,9.4,32.55
06019,14.6,31.549999999999997,9.850000000000001,70.75,54.0,12.55,31.650000000000002
06021,13.899999999999999,31.1,10.1,70.25,55.95,11.85,33.0
06023,7.6,31.4,11.0,70.9,58.75,10.7,33.3
06025,22.15,32.85,9.2,68.65,50.45,14.8,33.65
06027,8.15,31.450000000000003,10.3,72.6,65.44999999999999,10.9,33.55
06029,16.7,32.1,10.3,70.80000000000001,52.1,13.3,32.05
06031,17.450000000000003,31.2,9.75,68.35,51.85,12.5,31.4
06033,10.5,35.8,10.850000000000001,71.9,60.6,12.399999999999999,34.95
06035,11.95,32.6,10.3,69.25,56.55,11.05,32.6
06037,11.75,29.299999999999997,9.05,71.25,62.05,12.1,35.2
06039,18.0,32.5,10.4,69.4,54.55,13.15,32.85
06041,5.85,28.9,9.45,71.94999999999999,75.5,8.85,33.45
06043,7.6,34.0,10.45,72.95,59.95,11.45,35.75
06045,10.600000000000001,34.75,10.649999999999999,71.9,61.55,12.05,35.1
06047,18.25,31.5,9.8,69.1,49.65,13.15,34.15
06049,8.95,36.099999999999994,10.95,73.25,62.2,12.600000000000001,36.1
06051,8.399999999999999,29.65,9.9,71.35,65.25,9.7,32.7
06053,16.05,31.15,9.6,71.05,57.65,12.05,33.55
06055,9.95,30.35,9.5,72.15,63.35,10.350000000000001,33.5
06057,5.85,32.8,10.3,73.5,63.3,9.75,33.95
06059,9.05,27.75,9.0,72.55000000000001,64.1,10.8,34.6
06061,5.75,30.05,9.95,72.9,69.4,8.850000000000001,33.5
06063,6.7,34.9,10.8,73.7,66.35,11.25,36.05
06065,12.85,32.25,9.5,71.19999999999999,64.25,11.850000000000001,34.95
06067,8.75,29.9,10.2,69.80000000000001,61.8,10.75,32.15
06069,14.100000000000001,29.2,9.149999999999999,68.95,62.900000000000006,10.9,32.65
06071,14.350000000000001,31.75,9.850000000000001,69.5,55.65,11.95,32.95
06073,8.7,28.049999999999997,8.9,72.25,65.8,9.7,32.05
06075,6.25,26.05,8.45,72.25,69.6,9.75,33.6
06077,12.9,29.85,9.5,70.35,58.5,12.0,32.35
06079,7.75,30.0,9.95,70.75,68.1,9.3,31.75
06081,6.75,27.45,8.5,70.4,68.0,9.8,35.05
06083,11.899999999999999,29.9,9.7,70.1,65.3,10.55,31.1
06085,6.85,26.35,7.9,70.80000000000001,67.1,10.15,32.85
06087,8.95,29.1,9.8,70.35,65.0,9.6,32.85
06089,7.25,33.15,10.850000000000001,72.05,65.05000000000001,10.55,35.8
06091,8.05,36.8,10.7,73.35,63.45,12.7,36.6
06093,7.8999999999999995,34.85,11.1,72.95,61.3,11.9,35.5
06095,9.25,31.65,10.1,71.6,61.7,11.3,33.4
06097,8.600000000000001,29.0,9.8,71.45,68.95,9.649999999999999,31.95
06099,14.1,31.200000000000003,10.0,70.65,59.65,11.55,33.15
06101,12.05,31.9,10.0,70.55000000000001,54.8,12.100000000000001,33.95
06103,11.05,33.2,10.7,70.7,58.0,11.8,33.4
06105,7.4,37.95,11.15,73.45,59.15,13.3,37.05
06107,18.25,31.299999999999997,10.0,67.95,52.650000000000006,13.1,33.05
06109,7.25,32.8,10.4,73.5,65.8,10.5,34.8
06111,10.5,29.0,9.5,72.69999999999999,64.7,10.65,33.75
06113,9.100000000000001,27.05,9.8,70.9,60.95,9.7,31.15
06115,11.0,30.7,10.4,69.9,56.85,11.15,32.35
08001,17.2,27.65,10.95,70.4,57.45,9.8,30.45
08003,18.25,29.05,11.0,69.35,54.2,11.25,30.9
08005,11.55,27.200000000000003,10.5,69.85,64.2,8.25,29.05
08007,10.149999999999999,30.75,10.95,72.05,66.44999999999999,9.85,33.45
08009,13.100000000000001,33.849999999999994,12.05,71.5,52.5,11.7,33.650000000000006
08011,22.200000000000003,35.4,10.8,68.45,49.2,13.899999999999999,32.8
08013,7.949999999999999,21.45,10.3,68.85,70.4,6.9,28.75
08014,7.8,23.7,10.3,71.05,71.25,6.8,30.200000000000003
08015,9.600000000000001,29.099999999999998,10.8,71.6,62.150000000000006,9.0,32.05
08017,11.5,30.599999999999998,11.4,71.65,63.6,10.0,32.9
08019,7.55,27.25,10.649999999999999,72.25,69.0,7.9,31.15
08021,19.15,30.299999999999997,10.5,70.9,55.3,12.4,32.55
08023,20.35,33.55,10.5,72.1,50.0,14.55,34.3
08025,20.85,31.3,10.1,66.6,48.3,11.15,30.65
08027,8.2,32.400000000000006,11.35,73.85,65.25,10.1,34.55
08029,12.4,33.05,11.5,71.05,58.849999999999994,10.600000000000001,33.7
08031,12.3,22.45,10.25,70.35,61.25,7.449999999999999,28.299999999999997
08033,10.55,31.85,11.3,71.35,62.2,10.15,32.650000000000006
08035,6.449999999999999,24.75,10.45,73.9,74.85,6.4,29.799999999999997
08037,11.55,24.1,10.25,70.8,66.0,8.0,29.6
08039,8.3,27.299999999999997,11.1,71.9,66.7,7.9,31.25
08041,9.5,27.9,11.6,73.65,64.35,8.55,32.1
08043,13.600000000000001,30.200000000000003,11.0,70.15,57.7,10.350000000000001,31.700000000000003
08045,14.0,26.25,10.7,70.25,64.0,8.5,30.3
08047,7.699999999999999,28.1,10.95,71.94999999999999,66.9,8.45,31.25
08049,8.85,27.450000000000003,10.850000000000001,71.19999999999999,67.6,8.15,31.55
08051,7.5,24.4,10.75,70.25,69.80000000000001,7.1,28.9
08053,6.3,28.8,10.65,74.19999999999999,69.5,8.2,33.05
08055,14.2,32.35,10.9,72.35,57.95,11.65,35.0
08057,13.65,34.2,11.6,71.4,56.95,11.850000000000001,34.15
08059,8.5,26.299999999999997,11.25,72.30000000000001,67.65,7.75,31.4
08061,10.45,31.65,11.600000000000001,72.2,55.25,10.05,33.15
08063,13.55,30.5,11.55,69.95,62.4,10.25,32.15
08065,11.95,25.799999999999997,10.2,69.65,69.05000000000001,8.1,29.950000000000003
08067,8.85,26.450000000000003,11.149999999999999,71.55,68.55,8.4,30.5
08069,8.649999999999999,25.1,11.2,69.4,68.8,7.1,29.1
08071,17.35,31.9,10.850000000000001,70.5,54.75,12.05,32.55
08073,14.6,30.8,10.9,69.1,57.5,10.100000000000001,31.400000000000002
08075,14.8,32.05,11.4,69.4,56.45,10.5,31.6
08077,11.15,28.85,11.45,70.45,62.45,8.95,29.200000000000003
08079,7.25,30.049999999999997,10.75,73.15,65.05,8.9,33.1
08081,13.05,30.45,11.45,69.5,55.05,10.0,32.3
08083,11.15,30.45,11.9,71.19999999999999,59.349999999999994,10.350000000000001,31.4
08085,13.05,30.3,11.2,70.6,61.65,10.0,32.45
08087,18.049999999999997,30.35,11.1,69.5,58.2,10.4,31.55
08089,19.25,32.9,11.4,70.8,49.3,13.1,33.55
08091,6.6,29.1,10.7,74.19999999999999,68.65,8.3,33.5
08093,7.75,28.950000000000003,10.9,72.25,66.6,8.7,32.85
08095,14.95,31.200000000000003,11.25,70.55,56.25,10.75,32.35
08097,7.050000000000001,26.05,10.25,72.25,72.4,7.45,31.299999999999997
08099,18.65,30.6,11.149999999999999,69.05000000000001,53.25,11.7,31.799999999999997
08101,16.55,30.150000000000002,11.149999999999999,71.6,58.6,11.350000000000001,29.65
08103,10.15,29.0,11.25,70.85,60.45,8.8,30.85
08105,16.3,30.5,10.649999999999999,71.55,62.3,10.899999999999999,32.5
08107,7.65,25.9,10.6,71.35,68.5,7.550000000000001,31.1
08109,16.6,33.75,11.149999999999999,72.0,54.0,12.899999999999999,34.7
08111,8.600000000000001,29.2,10.5,72.1,62.55,9.0,31.9
08113,7.449999999999999,26.7,10.5,72.1,66.6,7.8999999999999995,31.150000000000002
08115,12.45,32.9,11.3,72.44999999999999,57.45,11.0,33.45
08117,9.149999999999999,25.450000000000003,10.350000000000001,71.1,67.1,7.550000000000001,28.35
08119,8.0,29.35,11.0,72.65,66.75,8.649999999999999,32.849999999999994
08121,11.05,29.6,11.2,70.5,63.25,9.35,32.35
08123,13.7,27.6,10.7,67.5,63.05,9.4,30.1
08125,16.0,29.25,11.149999999999999,70.0,57.45,10.05,31.55
09110,10.05,30.75,11.75,80.69999999999999,69.5,10.1,36.6
09120,14.55,29.450000000000003,10.5,77.3,68.19999999999999,9.75,35.55
09130,6.75,30.95,10.899999999999999,81.25,75.15,8.35,35.25
09140,10.8,30.7,11.149999999999999,79.15,68.6,9.7,36.65
09150,7.85,32.35,11.55,78.85,69.7,9.15,35.0
09160,7.55,29.5,11.3,80.15,71.05,8.95,37.0
09170,10.35,31.4,10.9,79.45,68.4,9.8,36.1
09180,9.85,32.6,11.55,79.6,69.6,9.4,33.95
09190,9.95,26.549999999999997,9.9,77.85,73.75,7.95,35.5
10001,9.65,37.75,12.55,81.55,62.2,13.350000000000001,36.849999999999994
10003,8.75,33.650000000000006,10.4,78.4,62.599999999999994,11.45,36.2
10005,9.95,38.099999999999994,10.6,81.15,62.2,12.0,42.95
11001,6.35,29.4,10.2,76.4,69.15,8.15,33.05
12001,11.8,31.700000000000003,10.1,77.6,56.95,10.85,34.35
12003,13.600000000000001,35.45,10.3,75.4,50.900000000000006,11.65,36.650000000000006
12005,12.8,35.6,10.0,75.15,58.650000000000006,10.95,36.75
12007,16.0,36.55,10.5,75.85,46.599999999999994,13.4,35.25
12009,12.0,35.15,9.649999999999999,77.75,59.8,11.55,36.6
12011,17.0,34.2,9.2,78.45,56.25,12.45,35.55
12013,17.05,38.099999999999994,10.6,76.05000000000001,48.5,14.0,37.650000000000006
12015,12.2,38.05,9.7,79.25,59.7,12.7,39.75
12017,13.05,36.3,9.899999999999999,78.35,58.75,13.0,40.0
12019,12.0,34.9,9.95,77.05,59.95,11.25,35.9
12021,16.0,33.650000000000006,8.7,77.2,61.0,11.6,37.05
12023,15.75,38.9,10.350000000000001,76.55000000000001,49.4,13.75,37.400000000000006
12027,26.55,39.55,10.0,75.0,43.35,16.15,40.9
12029,16.75,39.599999999999994,10.4,74.85,44.75,14.200000000000001,36.55
12031,13.649999999999999,34.55,10.3,75.95,54.75,12.3,32.5
12033,12.55,37.45,10.6,76.35,54.650000000000006,12.100000000000001,35.35
12035,12.05,34.05,9.8,78.5,59.75,11.5,39.25
12037,14.4,39.65,9.95,77.05000000000001,51.45,13.25,36.650000000000006
12039,18.5,41.8,11.149999999999999,79.2,48.8,17.4,35.3
12041,14.35,33.599999999999994,10.25,75.6,52.25,11.5,37.75
12043,24.1,40.75,9.850000000000001,75.4,44.5,16.05,38.85
12045,13.5,37.25,9.8,75.85,53.900000000000006,12.5,36.55
12047,19.799999999999997,41.95,10.95,76.6,44.75,16.15,39.85
12049,26.35,35.75,9.7,74.25,42.7,15.0,36.6
12051,31.7,36.7,9.4,74.15,43.05,16.450000000000003,34.75
12053,15.149999999999999,34.55,9.850000000000001,76.9,55.3,13.05,37.65
12055,18.6,39.95,9.7,78.65,53.55,15.45,40.75
12057,16.200000000000003,33.55,9.4,76.15,57.349999999999994,12.0,37.95
12059,15.399999999999999,38.4,10.45,75.35,47.55,13.2,39.75
12061,12.8,34.25,9.25,78.9,59.9,11.9,37.05
12063,16.75,39.55,10.350000000000001,76.1,45.55,14.35,35.55
12065,14.6,42.349999999999994,10.350000000000001,77.4,53.05,14.25,38.95
12067,18.450000000000003,37.7,10.2,74.3,44.85,13.7,38.15
12069,14.75,34.95,9.65,77.75,55.45,12.7,36.5
12071,16.299999999999997,35.2,9.3,78.15,60.35,12.65,36.6
12073,11.35,33.7,10.45,76.25,58.900000000000006,10.95,34.35
12075,16.1,38.400000000000006,10.4,76.7,52.85,14.0,37.75
12077,18.05,38.3,10.1,74.75,47.25,13.65,36.05
12079,17.0,40.7,10.95,78.15,44.150000000000006,15.05,37.900000000000006
12081,14.0,34.95,9.2,78.05,57.5,12.05,38.1
12083,16.1,36.45,9.9,78.8,52.45,12.9,36.849999999999994
12085,12.85,31.85,9.3,77.05000000000001,62.05,11.5,39.5
12086,25.9,32.05,8.55,74.95,52.6,14.350000000000001,33.55
12087,14.05,34.0,8.95,77.1,61.55,11.45,36.7
12089,10.3,33.2,9.649999999999999,77.35,63.3,10.1,37.9
12091,11.8,31.5,9.6,75.44999999999999,60.400000000000006,10.2,32.55
12093,21.45,38.599999999999994,9.9,76.1,45.65,14.2,37.8
12095,16.200000000000003,31.85,9.1,76.15,57.150000000000006,11.6,34.7
12097,21.950000000000003,34.25,8.95,75.35,54.45,13.05,36.3
12099,15.0,32.849999999999994,9.3,78.0,59.35,12.149999999999999,34.5
12101,14.85,35.25,9.75,75.75,59.900000000000006,11.55,37.2
12103,11.9,33.4,9.6,77.35,56.8,11.45,37.65
12105,19.45,34.3,10.05,76.3,51.85,12.7,37.55
12107,18.6,39.599999999999994,10.9,76.45,45.5,15.45,37.75
12109,9.25,31.5,9.350000000000001,79.0,67.85,9.399999999999999,34.8
12111,16.45,36.349999999999994,10.0,76.1,55.45,12.85,36.45
12113,11.0,33.55,9.6,77.80000000000001,59.3,10.100000000000001,34.7
12115,10.9,35.1,9.3,79.3,65.0,10.7,38.35
12117,13.2,30.8,9.1,77.4,61.900000000000006,10.4,33.6
12119,11.45,38.95,9.05,81.95,63.5,12.55,42.849999999999994
12121,16.65,37.8,10.25,75.8,49.45,13.45,37.6
12123,16.1,41.349999999999994,10.55,75.69999999999999,50.05,14.350000000000001,37.25
12125,17.450000000000003,39.6,10.3,74.05,47.25,13.7,37.400000000000006
12127,14.350000000000001,35.5,10.05,77.4,59.15,11.9,36.7
12129,13.05,35.599999999999994,10.0,75.4,56.55,11.7,36.1
12131,11.8,33.349999999999994,9.5,75.4,59.8,11.0,36.6
12133,16.049999999999997,40.0,10.5,75.05,46.75,13.85,38.349999999999994
13001,18.299999999999997,41.15,10.8,76.15,52.599999999999994,16.0,38.6
13003,25.6,41.45,10.75,75.25,47.0,17.25,37.45
13005,15.9,38.65,10.7,76.30000000000001,50.75,13.95,37.150000000000006
13007,17.0,47.0,11.2,80.1,51.5,19.9,39.25
13009,14.0,39.85,10.8,78.65,53.2,14.9,35.9
13011,14.5,36.8,10.149999999999999,75.75,51.8,12.65,36.8
13013,14.8,35.1,9.850000000000001,76.05,59.5,11.899999999999999,35.7
13015,13.5,35.55,10.05,76.6,58.25,11.4,34.25
13017,17.549999999999997,44.2,11.4,78.5,46.5,17.55,37.9
13019,16.2,39.45,10.75,76.25,52.5,14.75,36.8
13021,14.65,43.3,11.25,80.4,53.15,16.049999999999997,35.6
13023,13.45,38.45,10.850000000000001,78.4,57.75,13.75,37.1
13025,14.75,37.9,10.649999999999999,75.75,52.75,13.15,37.95
13027,16.95,44.3,11.149999999999999,79.25,46.7,17.85,38.849999999999994
13029,10.649999999999999,32.65,9.6,77.5,63.85,9.9,33.45
13031,12.7,36.95,10.6,76.9,59.15,12.2,34.900000000000006
13033,15.35,43.35,11.4,78.80000000000001,52.349999999999994,16.75,36.75
13035,14.65,38.55,10.4,76.9,53.85,13.2,35.25
13037,18.700000000000003,45.9,10.6,78.0,41.65,17.8,35.65
13039,12.9,35.2,10.1,76.3,56.3,12.0,35.0
13043,17.549999999999997,40.5,10.8,77.4,47.75,15.2,37.2
13045,14.100000000000001,36.3,10.4,75.85,59.8,12.5,35.25
13047,11.35,34.0,9.95,76.45,63.599999999999994,11.4,36.400000000000006
13049,21.25,40.650000000000006,10.0,75.2,47.25,15.75,36.5
13051,12.45,37.9,10.25,79.30000000000001,61.3,12.6,33.8
13053,16.45,32.15,9.45,72.75,51.099999999999994,10.85,30.35
13055,17.549999999999997,39.75,10.75,75.4,50.5,14.75,37.6
13057,10.95,32.45,9.5,76.19999999999999,64.5,10.25,35.3
13059,12.95,33.8,10.55,76.35,57.2,12.100000000000001,32.4
13061,14.9,47.650000000000006,11.399999999999999,81.7,53.5,18.8,38.45
13063,16.9,41.55,11.350000000000001,80.1,48.55,16.15,33.05
13065,16.95,41.75,11.149999999999999,77.0,45.2,16.05,37.0
13067,10.8,31.4,9.4,77.3,67.5,10.5,34.05
13069,19.2,40.7,10.850000000000001,76.95,50.05,15.55,36.65
13071,20.25,41.4,10.7,77.0,47.5,15.75,37.099999999999994
13073,10.25,35.400000000000006,9.6,78.69999999999999,61.3,11.3,35.400000000000006
13075,16.5,40.8,11.0,77.25,51.150000000000006,15.45,36.8
13077,11.0,34.150000000000006,9.9,77.5,63.849999999999994,11.600000000000001,35.45
13079,13.8,39.25,10.4,77.19999999999999,55.3,13.8,37.1
13081,16.200000000000003,44.85,11.649999999999999,79.15,51.75,17.7,36.8
13083,11.85,35.25,10.1,76.75,61.35,11.399999999999999,37.05
13085,11.15,33.45,9.55,77.0,65.75,10.6,35.900000000000006
13087,16.7,42.849999999999994,11.149999999999999,78.95,51.65,16.55,37.2
13089,11.95,36.849999999999994,10.350000000000001,78.9,58.599999999999994,12.65,34.25
13091,15.25,42.2,10.649999999999999,77.85,54.55,15.3,37.7
13093,17.25,44.55,10.5,78.44999999999999,50.85,16.75,36.85
13095,15.7,45.8,11.95,81.4,50.650000000000006,18.05,34.45
13097,13.25,36.75,10.75,79.1,58.55,13.149999999999999,34.75
13099,15.850000000000001,44.5,11.649999999999999,79.75,49.75,17.15,36.8
13101,19.7,34.900000000000006,9.75,74.5,54.8,12.95,35.650000000000006
13103,11.65,33.900000000000006,10.0,76.4,62.1,10.95,34.349999999999994
13105,14.85,41.1,10.75,78.3,51.7,14.950000000000001,37.1
13107,16.9,42.55,11.149999999999999,77.25,48.2,15.549999999999999,37.65
13109,17.85,41.55,10.95,77.8,47.3,15.8,36.3
13111,12.1,39.099999999999994,10.15,77.85,56.85,13.8,40.2
13113,9.35,34.15,9.350000000000001,79.6,67.8,11.3,34.75
13115,15.05,37.25,10.3,76.85,52.85,13.35,37.25
13117,8.75,29.049999999999997,8.4,78.55000000000001,69.85,9.350000000000001,35.599999999999994
13119,14.399999999999999,38.6,10.649999999999999,76.5,53.9,13.55,37.2
13121,10.149999999999999,33.4,9.4,77.75,65.30000000000001,10.8,32.8
13123,14.3,37.15,9.75,77.25,60.25,13.0,39.35
13125,13.5,37.95,10.55,76.2,57.0,13.15,37.3
13127,12.85,40.75,10.2,79.1,61.65,13.65,37.7
13129,16.9,36.6,10.2,75.05000000000001,51.2,13.05,36.75
13131,17.3,41.2,10.75,78.15,51.5,15.6,36.45
13133,11.6,39.7,9.899999999999999,80.9,59.65,13.25,38.55
13135,15.850000000000001,33.05,9.149999999999999,76.7,60.0,12.3,35.05
13137,15.5,35.150000000000006,9.95,76.45,55.9,12.0,36.95
13139,18.3,34.95,9.55,76.0,55.05,12.5,36.75
13141,19.1,49.85,11.45,80.0,44.9,20.55,38.2
13143,12.8,35.7,10.3,76.2,57.2,11.8,35.45
13145,9.95,34.6,9.7,78.7,63.25,11.25,36.45
13147,13.3,38.75,10.3,77.8,58.95,13.600000000000001,38.2
13149,13.8,37.35,10.55,76.35,55.150000000000006,13.100000000000001,36.6
13151,11.899999999999999,38.099999999999994,10.55,79.6,60.75,12.9,34.3
13153,11.4,37.95,10.1,79.3,61.75,12.649999999999999,36.1
13155,15.5,40.7,10.75,77.7,51.75,14.85,37.45
13157,13.100000000000001,33.5,9.7,76.5,58.0,11.0,34.95
13159,13.55,37.85,10.4,77.25,55.75,13.35,37.150000000000006
13161,18.950000000000003,39.5,10.8,75.6,47.2,15.399999999999999,36.5
13163,17.15,44.75,11.5,79.19999999999999,45.25,17.0,37.2
13165,18.4,44.1,11.2,77.8,44.05,17.25,36.7
13167,17.65,43.0,10.6,78.5,45.7,16.65,37.3
13169,,37.900000000000006,10.6,79.2,56.7,12.0,36.099999999999994
13171,12.4,36.2,10.7,77.2,55.1,13.6,35.5
13173,16.6,40.45,10.8,76.3,47.4,15.25,36.75
13175,14.8,43.05,11.149999999999999,79.05,52.0,13.9,
13177,10.65,35.75,10.0,77.3,61.3,11.25,34.900000000000006
13179,14.8,36.7,10.3,77.55000000000001,53.7,12.75,33.9
13181,13.6,37.9,10.7,79.1,58.0,18.2,38.8
13183,16.4,36.8,10.55,76.0,53.4,12.7,33.3
13185,14.2,37.3,10.7,77.94999999999999,55.95,12.9,33.349999999999994
13187,11.4,33.3,10.0,76.0,60.05,11.5,35.1
13189,14.8,41.9,11.05,80.0,54.8,13.8,
13191,14.9,45.599999999999994,11.3,79.35,52.4,20.4,
13193,20.4,47.65,11.149999999999999,79.05000000000001,38.25,19.8,33.5
13195,15.2,40.0,10.5,76.55,53.5,13.55,37.099999999999994
13197,16.799999999999997,42.65,10.9,78.25,50.45,16.5,34.7
13199,15.1,,11.2,79.8,51.7,14.0,36.55
13201,14.2,42.45,11.15,77.2,48.4,17.8,38.25
13205,16.5,,11.2,79.9,47.6,17.0,36.35
13207,11.2,36.75,10.149999999999999,78.0,57.4,12.0,36.25
13209,14.95,40.45,10.5,77.85,48.9,14.45,39.1
13211,10.899999999999999,39.9,9.95,77.80000000000001,64.2,11.5,36.65
13213,16.75,36.8,10.2,75.15,55.0,12.45,36.55
13215,14.25,39.4,11.0,79.3,54.6,14.55,34.349999999999994
13217,13.0,39.55,11.0,79.5,56.7,13.850000000000001,34.75
13219,7.5,,8.95,,69.7,9.2,34.95
13221,13.15,34.3,10.1,76.2,56.9,12.75,37.3
13223,11.8,34.45,10.0,77.45,60.4,10.9,36.3
13225,14.05,39.2,10.6,78.6,55.3,14.15,36.25
13227,11.7,37.1,10.1,77.25,62.7,11.95,37.8
13229,14.25,37.45,10.5,76.30000000000001,,14.3,37.0
13231,11.15,34.75,10.1,76.75,62.6,11.05,36.0
13233,16.6,37.4,10.5,75.65,54.7,12.5,34.0
13235,15.2,38.2,11.5,77.9,51.55,15.3,37.05
13237,14.0,36.9,10.5,81.5,56.9,12.7,33.2
13239,15.3,48.650000000000006,11.1,78.3,52.099999999999994,16.0,33.8
13241,12.75,38.8,9.8,75.4,60.95,13.2,39.4
13243,17.3,50.25,12.15,81.55,39.95,21.9,38.7
13245,14.55,41.45,11.5,79.6,51.8,16.3,36.45
13247,13.95,39.8,11.1,80.9,56.3,15.85,32.8
13249,12.8,38.55,10.55,77.55,56.45,15.1,36.900000000000006
13251,14.65,39.9,11.05,80.6,51.45,15.95,33.8
13253,14.2,,10.95,81.4,53.5,13.4,38.2
13255,15.0,40.95,10.850000000000001,78.0,52.45,13.6,39.0
13257,14.0,,10.55,75.3,56.15,13.5,37.15
13259,27.4,43.45,10.05,75.35,43.2,18.15,35.849999999999994
13261,15.2,42.5,11.3,79.35,51.400000000000006,15.899999999999999,38.5
13263,15.75,47.5,11.45,80.6,48.1,19.05,38.45
13265,15.8,47.05,11.1,82.8,50.8,,38.25
13267,18.799999999999997,,10.4,76.9,48.7,15.5,37.3
13269,17.9,45.2,11.6,80.2,45.6,16.0,38.05
13271,22.8,,10.7,75.5,43.9,17.6,41.3
13273,18.0,46.7,,78.6,46.05,19.25,37.75
13275,13.4,40.55,10.9,79.5,56.3,13.1,40.2
13277,16.3,39.75,10.7,77.3,53.0,15.05,36.349999999999994
13279,16.85,39.5,10.8,78.4,54.5,14.55,36.65
13281,10.4,39.15,9.6,79.19999999999999,63.55,13.100000000000001,39.45
13283,18.7,42.65,11.4,77.9,46.7,17.200000000000003,38.15
13285,14.2,40.5,10.8,78.8,,13.3,34.4
13287,17.0,43.55,11.5,77.3,47.55,18.5,37.849999999999994
13289,15.2,47.8,11.1,81.2,54.0,13.7,34.0
13291,11.35,38.8,9.6,78.5,60.05,12.95,39.2
13293,14.399999999999999,,10.95,77.55000000000001,52.9,14.9,
13295,12.95,37.05,10.2,76.65,53.65,12.3,37.05
13297,13.15,,10.3,77.1,57.3,13.0,35.35
13299,16.6,41.65,10.9,78.8,49.85,15.75,36.9
13301,15.3,46.5,11.5,80.0,50.55,20.2,37.1
13303,16.0,42.8,11.1,78.3,50.25,15.9,
13305,16.5,41.2,10.8,76.5,50.5,14.95,37.0
13307,15.7,46.05,11.35,80.15,49.55,15.5,
13309,19.2,43.15,10.0,75.8,42.95,15.55,38.4
13311,11.9,36.4,9.95,78.5,62.25,11.649999999999999,33.5
13313,22.4,33.5,9.6,75.85,51.3,13.55,37.4
13315,17.950000000000003,44.25,10.25,77.3,51.5,16.299999999999997,37.15
13317,16.2,43.45,11.0,81.2,51.6,14.4,38.4
13319,13.9,42.75,11.0,77.4,48.8,17.7,37.4
13321,14.9,41.55,11.0,79.5,54.45,13.6,37.150000000000006
15001,6.8,31.0,11.2,73.35,62.6,11.05,35.0
15003,5.25,29.75,9.7,76.2,69.4,11.45,33.7
15005,11.8,46.6,9.399999999999999,69.35,65.2,12.9,34.25
15007,6.5,27.0,10.2,73.25,67.7,12.0,33.05
15009,6.5,,10.5,74.2,65.5,10.899999999999999,31.9
16001,8.5,31.2,10.3,75.75,71.7,9.0,31.0
16003,10.350000000000001,35.35,11.0,70.8,63.2,9.3,38.4
16005,10.2,31.0,11.2,74.2,64.4,9.399999999999999,30.35
16007,9.65,31.15,11.0,71.1,67.6,11.6,32.25
16009,12.2,38.0,11.7,72.80000000000001,,11.75,
16011,12.5,31.85,11.0,72.9,64.2,10.649999999999999,30.2
16013,10.95,24.7,9.95,74.15,71.7,8.95,
16015,8.2,33.05,10.5,75.0,66.9,10.149999999999999,34.1
16017,9.6,32.45,10.9,75.6,66.4,8.4,28.4
16019,10.7,28.7,10.6,74.6,67.6,9.15,31.299999999999997
16021,11.2,32.45,11.3,73.05000000000001,64.05,12.6,32.6
16023,13.9,36.05,11.65,72.9,60.0,11.1,
16025,10.45,31.85,10.6,71.0,68.30000000000001,10.100000000000001,32.6
16027,13.7,30.2,10.8,72.0,63.0,10.5,
16029,10.05,30.4,10.8,72.25,66.75,10.5,31.2
16031,15.9,31.4,10.6,70.95,61.6,10.6,29.4
16033,19.75,31.0,10.4,72.65,57.55,12.65,35.6
16035,10.55,33.8,10.6,77.1,62.6,13.1,33.15
16037,9.8,34.9,10.7,78.3,66.1,9.0,35.45
16039,13.6,31.5,10.7,70.1,59.8,10.4,30.75
16041,10.3,29.799999999999997,10.7,72.0,62.35,8.95,31.2
16043,11.45,29.2,10.5,72.30000000000001,65.3,9.75,30.5
16045,10.95,28.3,10.8,74.0,66.3,10.1,
16047,18.2,32.75,10.7,72.3,57.7,12.0,31.5
16049,10.1,,10.75,73.05000000000001,58.6,10.8,31.549999999999997
16051,10.3,28.2,10.7,72.2,65.0,8.899999999999999,31.05
16053,20.4,,10.75,71.3,57.7,12.6,32.25
16055,9.2,27.8,10.75,72.25,67.1,8.0,34.1
16057,8.3,29.15,10.7,72.8,69.4,8.1,28.65
16059,10.1,39.6,11.0,73.8,64.75,8.6,34.4
16061,11.4,42.3,11.5,71.3,61.3,12.8,35.05
16063,17.45,30.950000000000003,10.6,71.5,58.3,10.95,31.05
16065,11.2,24.3,11.5,70.25,59.1,7.8,25.7
16067,18.3,32.6,10.3,71.6,57.85,,31.95
16069,9.9,35.7,11.5,76.2,,8.8,34.0
16071,9.100000000000001,30.6,10.7,71.1,67.6,10.5,36.0
16073,17.75,35.8,11.05,73.0,60.0,11.1,35.7
16075,13.5,32.95,10.95,72.05,60.5,10.7,
16077,17.35,32.0,10.5,72.1,58.45,11.35,32.150000000000006
16079,11.600000000000001,33.95,11.4,73.4,54.9,11.85,30.6
16081,9.6,28.35,9.95,72.8,69.25,9.2,30.4
16083,13.2,28.4,11.1,72.6,63.2,9.9,27.95
16085,9.7,34.4,10.9,74.35,63.3,,37.4
16087,14.1,,11.2,71.1,61.25,12.6,33.1
17001,7.6,34.400000000000006,10.4,77.2,62.05,9.6,34.8
17003,10.6,,11.8,77.2,51.05,16.4,36.6
17005,9.0,34.15,,76.4,54.55,10.95,33.95
17007,11.8,32.9,10.0,76.19999999999999,59.9,12.2,34.150000000000006
17009,12.1,35.9,10.0,75.0,54.05,11.55,33.2
17011,,34.45,10.3,77.4,58.0,13.2,35.4
17013,6.4,38.0,10.2,75.3,65.9,11.9,35.7
17015,9.7,,10.3,78.6,62.95,10.3,35.3
17017,12.6,35.05,10.2,75.1,57.7,11.2,
17019,7.6,28.7,10.149999999999999,75.45,60.75,10.1,32.2
17021,8.899999999999999,35.0,10.350000000000001,77.4,59.85,11.2,31.8
17023,7.55,36.8,10.4,76.95,65.65,10.7,38.0
17025,9.25,33.3,10.9,78.3,58.6,12.4,35.9
17027,7.5,33.15,10.3,77.05,63.4,11.3,34.1
17029,8.35,,10.9,77.1,59.4,10.9,33.0
17031,12.0,29.95,9.8,76.5,62.6,11.25,32.6
17033,8.7,37.6,10.45,76.75,59.7,11.0,35.1
17035,7.3,34.05,10.5,77.1,63.099999999999994,10.55,38.7
17037,9.5,30.4,10.4,75.75,63.35,10.45,32.45
17039,7.949999999999999,34.2,10.45,76.9,63.5,10.899999999999999,
17041,9.55,33.25,10.4,76.1,59.349999999999994,10.75,34.6
17043,7.4,28.9,8.9,78.5,70.5,8.5,33.6
17045,8.1,36.45,10.8,75.1,59.9,13.6,35.8
17047,8.600000000000001,32.9,10.8,75.0,62.0,12.399999999999999,35.95
17049,7.6,32.8,10.25,76.6,66.9,11.3,33.5
17051,9.95,35.8,10.45,74.9,60.8,11.85,34.8
17053,8.9,34.5,10.6,76.69999999999999,62.15,10.0,
17055,8.95,35.7,10.95,75.6,56.099999999999994,12.4,35.1
17057,8.8,36.35,10.5,75.2,58.35,13.0,35.3
17059,9.4,37.150000000000006,10.9,77.1,56.5,14.6,31.9
17061,8.399999999999999,32.3,10.7,74.7,58.650000000000006,13.2,35.65
17063,8.3,32.3,10.1,77.2,67.2,9.1,33.3
17065,8.3,36.45,10.8,75.2,60.0,13.9,35.95
17067,7.9,39.6,10.5,79.7,64.5,11.45,36.2
17069,8.8,37.5,10.6,77.4,57.65,12.6,32.2
17071,7.6,36.8,10.35,77.9,62.45,14.1,37.0
17073,8.15,33.2,10.25,76.75,65.35,10.55,31.1
17075,9.6,32.8,10.6,76.65,60.900000000000006,12.25,36.2
17077,8.55,,10.850000000000001,77.7,55.1,11.7,32.65
17079,6.9,33.55,10.2,77.05000000000001,66.2,12.0,35.25
17081,8.600000000000001,,10.7,76.80000000000001,59.9,10.6,
17083,7.15,33.35,10.5,77.1,62.45,10.45,37.5
17085,7.15,40.4,10.05,78.19999999999999,65.8,11.1,36.150000000000006
17087,10.55,36.7,10.3,76.25,59.3,12.100000000000001,34.6
17089,11.85,28.95,,75.30000000000001,65.8,10.8,32.35
17091,10.100000000000001,,10.7,77.25,60.1,12.15,33.4
17093,8.95,29.35,9.5,76.65,68.8,9.25,31.6
17095,9.8,35.95,10.6,75.9,56.900000000000006,12.2,34.9
17097,9.7,32.4,9.1,76.0,63.95,9.8,36.8
17099,9.55,36.4,10.3,75.4,60.3,11.2,34.55
17101,10.6,36.45,10.5,75.0,53.75,11.2,37.1
17103,9.35,35.1,10.2,77.05,60.3,11.5,31.4
17105,9.3,34.05,10.55,76.5,60.55,9.9,
17107,8.65,33.7,10.45,76.7,59.6,11.6,31.4
17109,8.0,33.8,10.6,76.0,57.5,11.4,33.95
17111,8.4,31.700000000000003,9.6,77.4,65.4,8.8,30.7
17113,6.8,31.2,10.3,77.0,62.6,9.5,33.400000000000006
17115,8.25,36.45,10.9,79.3,59.05,10.8,35.45
17117,7.8,34.95,10.649999999999999,75.2,59.849999999999994,11.350000000000001,35.1
17119,7.6,33.5,10.6,78.3,65.1,9.5,36.2
17121,8.55,32.8,10.9,78.5,57.9,11.95,31.5
17123,8.1,35.1,10.5,77.25,59.65,13.0,35.849999999999994
17125,8.0,35.4,10.6,79.2,63.5,11.65,31.7
17127,8.4,32.7,11.1,79.0,59.55,12.45,35.599999999999994
17129,6.7,36.8,10.45,,62.6,10.35,35.0
17131,7.8,34.3,10.5,77.0,62.8,12.4,34.75
17133,6.0,31.049999999999997,9.95,77.80000000000001,70.80000000000001,8.95,34.4
17135,8.85,32.0,10.350000000000001,76.5,58.8,11.35,37.6
17137,8.8,35.5,10.55,77.1,59.75,11.45,34.7
17139,8.600000000000001,33.65,10.75,75.94999999999999,62.2,10.55,34.4
17141,9.15,34.05,10.2,78.4,59.7,10.95,34.599999999999994
17143,8.05,,10.6,77.55,60.35,11.75,37.5
17145,10.399999999999999,36.35,,76.4,53.95,13.2,34.7
17147,6.4,32.3,10.05,75.7,67.5,9.65,34.55
17149,9.0,39.4,10.7,76.95,59.75,10.4,39.1
17151,7.6499999999999995,37.25,10.5,75.4,59.5,12.350000000000001,36.849999999999994
17153,11.399999999999999,42.0,11.6,78.4,51.4,16.45,35.8
17155,7.7,33.5,10.1,77.44999999999999,66.3,10.5,
17157,9.7,36.400000000000006,10.4,76.65,58.9,11.7,
17159,7.7,34.45,10.6,75.3,62.2,11.2,35.15
17161,10.4,33.8,10.6,77.0,63.3,10.8,34.2
17163,7.8,37.05,11.1,78.3,61.7,13.1,34.05
17165,8.8,36.05,11.0,78.8,57.8,13.5,35.45
17167,7.25,32.2,10.6,79.6,62.85,10.850000000000001,33.400000000000006
17169,8.7,37.75,10.5,77.35,59.05,14.4,36.05
17171,7.6,30.7,10.5,77.2,66.25,9.4,35.1
17173,7.4,35.0,10.4,77.30000000000001,58.7,13.0,35.55
17175,8.05,35.0,10.4,78.9,62.7,11.2,31.6
17177,8.2,36.25,10.6,78.2,59.6,13.9,35.5
17179,7.050000000000001,32.8,10.350000000000001,77.35,64.8,10.149999999999999,33.95
17181,9.600000000000001,33.0,,77.0,61.9,12.5,39.3
17183,9.95,39.45,10.95,78.25,56.6,13.05,
17185,7.9,35.3,10.649999999999999,77.0,59.900000000000006,10.4,
17187,9.8,,10.4,75.1,59.1,11.3,34.400000000000006
17189,7.2,30.0,10.25,77.25,63.05,9.0,
17191,8.75,36.25,10.8,75.1,62.1,10.5,32.2
17193,9.2,37.15,10.9,75.2,55.35,12.8,31.9
17195,10.1,37.1,10.25,76.75,62.85,11.6,35.55
17197,9.5,30.75,9.7,76.8,67.5,9.5,32.15
20081,,,,,,13.2,
23009,,,12.1,,,,
24013,,,10.1,,,,
27013,,,,,,9.4,
31171,,,9.0,,,,
36069,,,,,,10.5,
40055,,,,,,13.0,
40109,,,11.5,,,,
47173,,,,,,14.6,
48179,,37.6,,,,,
51009,,,,,,15.1,
51015,,,,,,13.2,
00059,11.25,32.55,9.8,76.7,63.65,11.15,34.8
