geoid,uninsured_rate,uninsured_count,total_population
01001,0.08199999999999999,4053.0,49485.0
01003,0.102,19478.0,190730.0
01005,0.121,2025.0,16712.0
01007,0.10800000000000001,1758.0,16224.0
01009,0.125,6024.0,48132.0
01011,0.114,753.0,6600.0
01013,0.10400000000000001,1479.0,14248.0
01015,0.11800000000000001,10537.0,89045.0
01017,0.127,3324.0,26095.0
01019,0.133,2522.0,19028.0
01021,0.132,4945.0,37514.0
01023,0.11199999999999999,1029.0,9218.0
01025,0.115,1985.0,17289.0
01027,0.106,1167.0,11055.0
01029,0.124,1525.0,12311.0
01031,0.115,5173.0,44912.0
01033,0.107,4901.0,45852.0
01035,0.106,864.0,8169.0
01037,0.095,698.0,7352.0
01039,0.11,3184.0,28855.0
01041,0.131,1357.0,10327.0
01043,0.11599999999999999,8511.0,73069.0
01045,0.105,4184.0,39881.0
01047,0.09699999999999999,2732.0,28059.0
01049,0.152,8907.0,58604.0
01051,0.09,6209.0,69032.0
01053,0.124,3407.0,27439.0
01055,0.113,9166.0,81457.0
01057,0.11599999999999999,1436.0,12427.0
01059,0.13699999999999998,3574.0,26088.0
01061,0.121,2544.0,21010.0
01063,0.09300000000000001,494.0,5327.0
01065,0.114,1282.0,11249.0
01067,0.113,1509.0,13379.0
01069,0.11699999999999999,10158.0,86703.0
01071,0.13,5438.0,41851.0
01073,0.096,50628.0,527338.0
01075,0.111,1170.0,10574.0
01077,0.106,7720.0,72531.0
01079,0.122,3249.0,26683.0
01081,0.1,15090.0,150207.0
01083,0.092,8366.0,90622.0
01085,0.091,670.0,7362.0
01087,0.096,1170.0,12168.0
01089,0.081,26523.0,328874.0
01091,0.102,1483.0,14477.0
01093,0.11199999999999999,2532.0,22579.0
01095,0.124,10116.0,81466.0
01097,0.11800000000000001,38596.0,328163.0
01099,0.115,1699.0,14809.0
01101,0.113,19833.0,176245.0
01103,0.12300000000000001,12210.0,99629.0
01105,0.10099999999999999,581.0,5736.0
01107,0.105,1364.0,13035.0
01109,0.106,2696.0,25472.0
01111,0.127,2180.0,17128.0
01113,0.11699999999999999,5676.0,48323.0
01115,0.096,7232.0,75499.0
01117,0.076,14173.0,187431.0
01119,0.094,782.0,8362.0
01121,0.105,6547.0,62424.0
01123,0.12300000000000001,3765.0,30668.0
01125,0.08800000000000001,15989.0,181594.0
01127,0.12300000000000001,6304.0,51097.0
01129,0.099,1145.0,11590.0
01131,0.121,916.0,7548.0
01133,0.11699999999999999,2154.0,18432.0
02013,0.196,594.0,3033.0
02016,0.16699999999999998,749.0,4485.0
02020,0.121,29746.0,245596.0
02050,0.142,1803.0,12730.0
02060,0.16899999999999998,124.0,733.0
02063,0.175,972.0,5544.0
02066,0.14300000000000002,294.0,2059.0
02068,0.126,175.0,1388.0
02070,0.17,588.0,3466.0
02090,0.111,8990.0,81045.0
02100,0.11199999999999999,173.0,1546.0
02105,0.16899999999999998,270.0,1595.0
02110,0.122,3228.0,26356.0
02122,0.145,6889.0,47432.0
02130,0.155,1729.0,11134.0
02150,0.17800000000000002,1883.0,10557.0
02158,0.139,802.0,5771.0
02164,0.192,203.0,1056.0
02170,0.147,14180.0,96663.0
02180,0.145,1047.0,7202.0
02185,0.147,1293.0,8800.0
02188,0.166,896.0,5397.0
02195,0.184,467.0,2533.0
02198,0.191,787.0,4113.0
02220,0.15,1019.0,6814.0
02230,0.159,139.0,876.0
02240,0.161,941.0,5847.0
02275,0.21100000000000002,311.0,1477.0
02282,0.193,106.0,549.0
02290,0.191,687.0,3591.0
04001,0.13,5596.0,42948.0
04003,0.11199999999999999,10226.0,91417.0
04005,0.138,14732.0,106651.0
04007,0.152,5294.0,34862.0
04009,0.113,3416.0,30197.0
04011,0.09300000000000001,733.0,7877.0
04012,0.16899999999999998,1546.0,9127.0
04013,0.125,469113.0,3761642.0
04015,0.141,20576.0,145921.0
04017,0.154,11605.0,75336.0
04019,0.113,91505.0,809529.0
04021,0.132,45518.0,344384.0
04023,0.2,7736.0,38691.0
04025,0.161,25855.0,160181.0
04027,0.16699999999999998,26635.0,159127.0
05001,0.08199999999999999,1062.0,12914.0
05003,0.102,1436.0,14146.0
05005,0.10800000000000001,3172.0,29321.0
05007,0.106,27616.0,260523.0
05009,0.094,2847.0,30228.0
05011,0.122,974.0,7989.0
05013,0.10300000000000001,357.0,3479.0
05015,0.14300000000000002,3113.0,21809.0
05017,0.106,718.0,6792.0
05019,0.09,1343.0,14960.0
05021,0.096,1072.0,11170.0
05023,0.1,1830.0,18354.0
05025,0.083,485.0,5830.0
05027,0.08800000000000001,1434.0,16365.0
05029,0.08900000000000001,1493.0,16728.0
05031,0.099,9322.0,93845.0
05033,0.09300000000000001,4656.0,49913.0
05035,0.09300000000000001,3603.0,38564.0
05037,0.105,1388.0,13257.0
05039,0.091,396.0,4354.0
05041,0.105,870.0,8320.0
05043,0.087,1143.0,13211.0
05045,0.076,8032.0,105890.0
05047,0.095,1307.0,13694.0
05049,0.09300000000000001,850.0,9168.0
05051,0.1,7458.0,74336.0
05053,0.071,1049.0,14715.0
05055,0.08,3051.0,38228.0
05057,0.107,1650.0,15390.0
05059,0.084,2054.0,24319.0
05061,0.10400000000000001,1046.0,10050.0
05063,0.098,2970.0,30414.0
05065,0.10300000000000001,989.0,9570.0
05067,0.092,1032.0,11267.0
05069,0.078,3536.0,45611.0
05071,0.114,2403.0,21003.0
05073,0.11800000000000001,527.0,4448.0
05075,0.091,1160.0,12725.0
05077,0.10099999999999999,501.0,4937.0
05079,0.1,715.0,7145.0
05081,0.079,726.0,9177.0
05083,0.08900000000000001,1488.0,16810.0
05085,0.086,5507.0,64050.0
05087,0.099,1390.0,14002.0
05089,0.1,1221.0,12221.0
05091,0.08900000000000001,2988.0,33616.0
05093,0.084,2646.0,31501.0
05095,0.111,537.0,4838.0
05097,0.132,820.0,6210.0
05099,0.07400000000000001,464.0,6257.0
05101,0.091,471.0,5167.0
05103,0.079,1331.0,16853.0
05105,0.091,725.0,7947.0
05107,0.087,1004.0,11558.0
05109,0.107,842.0,7897.0
05111,0.092,1677.0,18222.0
05113,0.11199999999999999,1657.0,14763.0
05115,0.11,5665.0,51324.0
05117,0.09,542.0,6027.0
05119,0.09,28915.0,320149.0
05121,0.10400000000000001,1569.0,15100.0
05123,0.11,1621.0,14799.0
05125,0.08199999999999999,8474.0,103107.0
05127,0.091,699.0,7645.0
05129,0.092,542.0,5885.0
05131,0.114,12075.0,106075.0
05133,0.155,2051.0,13258.0
05135,0.109,1442.0,13230.0
05137,0.115,1040.0,9022.0
05139,0.08800000000000001,2632.0,29754.0
05141,0.10400000000000001,1229.0,11814.0
05143,0.14,30211.0,215891.0
05145,0.10099999999999999,6340.0,62631.0
05147,0.09,405.0,4479.0
05149,0.11900000000000001,1950.0,16359.0
06001,0.045,60917.0,1355163.0
06003,0.06,51.0,846.0
06005,0.057,1503.0,26233.0
06007,0.076,12627.0,166896.0
06009,0.069,2303.0,33207.0
06011,0.098,1777.0,18178.0
06013,0.052000000000000005,50322.0,960304.0
06015,0.08,1540.0,19152.0
06017,0.052000000000000005,7688.0,148696.0
06019,0.077,66200.0,864015.0
06021,0.092,2123.0,23188.0
06023,0.07,7395.0,106307.0
06025,0.086,12474.0,145123.0
06027,0.073,1001.0,13634.0
06029,0.077,60371.0,781035.0
06031,0.073,8791.0,120533.0
06033,0.075,3874.0,51608.0
06035,0.06,1108.0,18576.0
06037,0.094,760462.0,8106974.0
06039,0.096,12452.0,130029.0
06041,0.051,9825.0,192444.0
06043,0.067,795.0,11827.0
06045,0.10300000000000001,6918.0,67044.0
06047,0.086,21496.0,248966.0
06049,0.08,472.0,5900.0
06051,0.10300000000000001,1073.0,10449.0
06053,0.11599999999999999,41184.0,353909.0
06055,0.07400000000000001,7727.0,105010.0
06057,0.062,4508.0,72567.0
06059,0.073,191138.0,2607533.0
06061,0.037000000000000005,12483.0,335108.0
06063,0.062,816.0,13201.0
06065,0.083,172350.0,2066437.0
06067,0.054000000000000006,71621.0,1333668.0
06069,0.068,3949.0,58353.0
06071,0.087,163723.0,1876899.0
06073,0.073,196679.0,2703245.0
06075,0.042,27405.0,658480.0
06077,0.076,51714.0,676646.0
06079,0.07200000000000001,14912.0,208065.0
06081,0.046,27705.0,597006.0
06083,0.092,32699.0,355387.0
06085,0.040999999999999995,63449.0,1564953.0
06087,0.065,13488.0,207659.0
06089,0.075,10594.0,141828.0
06091,0.063,139.0,2189.0
06093,0.08199999999999999,2561.0,31380.0
06095,0.055999999999999994,20442.0,365342.0
06097,0.067,25040.0,375956.0
06099,0.071,33599.0,472685.0
06101,0.08800000000000001,7166.0,81863.0
06103,0.07200000000000001,3734.0,51552.0
06105,0.06,654.0,10903.0
06107,0.092,38342.0,414592.0
06109,0.057,2103.0,37165.0
06111,0.085,58034.0,684652.0
06113,0.055999999999999994,10200.0,182314.0
06115,0.066,4741.0,72267.0
08001,0.114,52776.0,463570.0
08003,0.10800000000000001,1416.0,13131.0
08005,0.098,54863.0,560049.0
08007,0.10800000000000001,1078.0,9969.0
08009,0.091,232.0,2543.0
08011,0.079,246.0,3112.0
08013,0.059000000000000004,15576.0,264575.0
08014,0.040999999999999995,2643.0,64916.0
08015,0.099,1363.0,13829.0
08017,0.09,120.0,1327.0
08019,0.067,487.0,7224.0
08021,0.091,533.0,5876.0
08023,0.111,281.0,2523.0
08025,0.08900000000000001,210.0,2350.0
08027,0.08199999999999999,288.0,3516.0
08029,0.12,2672.0,22244.0
08031,0.085,52524.0,617772.0
08033,0.078,143.0,1832.0
08035,0.04,12997.0,328838.0
08037,0.11800000000000001,5553.0,47187.0
08039,0.07200000000000001,1630.0,22724.0
08041,0.08199999999999999,51062.0,623024.0
08043,0.087,2663.0,30565.0
08045,0.141,7349.0,52169.0
08047,0.05,234.0,4695.0
08049,0.10300000000000001,1281.0,12488.0
08051,0.069,957.0,13841.0
08053,0.13699999999999998,71.0,518.0
08055,0.09300000000000001,446.0,4793.0
08057,0.171,164.0,958.0
08059,0.063,29694.0,470988.0
08061,0.066,69.0,1048.0
08063,0.129,697.0,5403.0
08065,0.131,799.0,6087.0
08067,0.10400000000000001,4442.0,42747.0
08069,0.07200000000000001,21445.0,296734.0
08071,0.111,1124.0,10113.0
08073,0.08,293.0,3668.0
08075,0.10300000000000001,1464.0,14175.0
08077,0.099,12062.0,121565.0
08079,0.084,54.0,646.0
08081,0.10099999999999999,1090.0,10798.0
08083,0.124,2355.0,19026.0
08085,0.134,4289.0,32106.0
08087,0.134,3234.0,24112.0
08089,0.1,1397.0,13989.0
08091,0.057999999999999996,204.0,3503.0
08093,0.073,1005.0,13708.0
08095,0.128,438.0,3417.0
08097,0.07,917.0,13128.0
08099,0.13,1204.0,9264.0
08101,0.077,10248.0,132747.0
08103,0.095,490.0,5174.0
08105,0.141,1228.0,8703.0
08107,0.091,1846.0,20207.0
08109,0.12300000000000001,591.0,4787.0
08111,0.135,84.0,621.0
08113,0.076,498.0,6592.0
08115,0.102,159.0,1554.0
08117,0.10400000000000001,2687.0,25782.0
08119,0.063,1166.0,18378.0
08121,0.095,339.0,3571.0
08123,0.096,28994.0,301279.0
08125,0.135,1058.0,7846.0
09110,0.057999999999999996,44381.0,770519.0
09120,0.078,20413.0,263170.0
09130,0.043,5814.0,133887.0
09140,0.064,23249.0,365020.0
09150,0.053,4092.0,77899.0
09160,0.055999999999999994,4917.0,88019.0
09170,0.057,25469.0,445365.0
09180,0.061,13226.0,216852.0
09190,0.068,34682.0,512277.0
10001,0.075,11184.0,149140.0
10003,0.062,28396.0,460599.0
10005,0.084,14681.0,175531.0
11001,0.031,16917.0,551003.0
12001,0.102,22545.0,222081.0
12003,0.10800000000000001,2403.0,22208.0
12005,0.13699999999999998,20397.0,149018.0
12007,0.125,2431.0,19519.0
12009,0.11199999999999999,52869.0,473971.0
12011,0.146,228914.0,1569761.0
12013,0.153,1440.0,9424.0
12015,0.14,16638.0,118785.0
12017,0.132,13533.0,102280.0
12019,0.10300000000000001,19326.0,187661.0
12021,0.18600000000000003,48733.0,262296.0
12023,0.136,7215.0,53192.0
12027,0.226,5463.0,24195.0
12029,0.14800000000000002,1645.0,11112.0
12031,0.11900000000000001,99579.0,834893.0
12033,0.124,31004.0,249939.0
12035,0.115,9943.0,86823.0
12037,0.19699999999999998,1588.0,8061.0
12039,0.16399999999999998,5314.0,32354.0
12041,0.141,1984.0,14104.0
12043,0.248,1798.0,7244.0
12045,0.141,1409.0,9979.0
12047,0.145,1284.0,8836.0
12049,0.179,3464.0,19396.0
12051,0.243,8386.0,34521.0
12053,0.141,21274.0,150568.0
12055,0.191,12566.0,65905.0
12057,0.134,168393.0,1256778.0
12059,0.154,2170.0,14098.0
12061,0.14,15092.0,107945.0
12063,0.115,3654.0,31699.0
12065,0.153,1549.0,10145.0
12067,0.183,991.0,5415.0
12069,0.126,37552.0,298347.0
12071,0.171,98022.0,572148.0
12073,0.107,25074.0,234869.0
12075,0.17,5644.0,33162.0
12077,0.159,761.0,4801.0
12079,0.161,2016.0,12523.0
12081,0.158,47698.0,302812.0
12083,0.156,42330.0,272204.0
12085,0.135,14452.0,107048.0
12086,0.161,346486.0,2158267.0
12087,0.152,9328.0,61466.0
12089,0.09300000000000001,6956.0,74851.0
12091,0.11900000000000001,21211.0,178614.0
12093,0.175,5207.0,29684.0
12095,0.132,160598.0,1219489.0
12097,0.132,47566.0,360204.0
12099,0.163,182292.0,1115632.0
12101,0.12300000000000001,58081.0,471456.0
12103,0.13,90908.0,700016.0
12105,0.147,89804.0,612579.0
12107,0.168,9158.0,54632.0
12109,0.08,19620.0,244148.0
12111,0.141,37518.0,266107.0
12113,0.09699999999999999,15661.0,162129.0
12115,0.135,38590.0,286834.0
12117,0.115,45832.0,398411.0
12119,0.107,5777.0,53953.0
12121,0.157,5134.0,32756.0
12123,0.134,1997.0,14909.0
12125,0.106,992.0,9328.0
12127,0.128,53635.0,419589.0
12129,0.114,3037.0,26594.0
12131,0.138,8972.0,65128.0
12133,0.16699999999999998,3110.0,18658.0
13001,0.187,2692.0,14393.0
13003,0.207,1412.0,6817.0
13005,0.172,1522.0,8829.0
13007,0.111,221.0,1993.0
13009,0.153,4665.0,30446.0
13011,0.17600000000000002,2788.0,15875.0
13013,0.156,12111.0,77467.0
13015,0.155,14785.0,95267.0
13017,0.15,1993.0,13295.0
13019,0.151,2228.0,14742.0
13021,0.16,19348.0,121163.0
13023,0.12300000000000001,1128.0,9138.0
13025,0.179,2668.0,14867.0
13027,0.151,1849.0,12258.0
13029,0.114,4948.0,43256.0
13031,0.14400000000000002,9500.0,65856.0
13033,0.11800000000000001,2299.0,19432.0
13035,0.136,2655.0,19474.0
13037,0.154,437.0,2833.0
13039,0.124,5747.0,46166.0
13043,0.20199999999999999,1739.0,8595.0
13045,0.138,14324.0,103634.0
13047,0.122,6842.0,55923.0
13049,0.163,1323.0,8118.0
13051,0.141,33148.0,234832.0
13053,0.08,484.0,6076.0
13055,0.16699999999999998,3159.0,18938.0
13057,0.125,29729.0,237317.0
13059,0.146,14830.0,101358.0
13061,0.14300000000000002,268.0,1880.0
13063,0.155,38746.0,250324.0
13065,0.185,998.0,5396.0
13067,0.125,82340.0,656528.0
13069,0.191,6340.0,33168.0
13071,0.198,7300.0,36891.0
13073,0.10300000000000001,14274.0,138828.0
13075,0.174,2450.0,14056.0
13077,0.11,14234.0,129505.0
13079,0.162,1546.0,9536.0
13081,0.142,2109.0,14871.0
13083,0.142,1723.0,12141.0
13085,0.14,3372.0,24153.0
13087,0.14,3148.0,22555.0
13089,0.13699999999999998,86883.0,631984.0
13091,0.139,1947.0,14040.0
13093,0.152,996.0,6533.0
13095,0.158,9977.0,63192.0
13097,0.141,17769.0,125970.0
13099,0.142,1139.0,8018.0
13101,0.191,596.0,3123.0
13103,0.106,6433.0,60427.0
13105,0.185,2805.0,15179.0
13107,0.165,2886.0,17449.0
13109,0.17800000000000002,1445.0,8099.0
13111,0.17800000000000002,3144.0,17629.0
13113,0.098,9549.0,97829.0
13115,0.157,12264.0,78320.0
13117,0.083,19571.0,234514.0
13119,0.174,3246.0,18696.0
13121,0.107,96492.0,897667.0
13123,0.174,4086.0,23539.0
13125,0.11599999999999999,277.0,2380.0
13127,0.163,10470.0,64210.0
13129,0.19899999999999998,9821.0,49245.0
13131,0.177,3590.0,20327.0
13133,0.141,1930.0,13732.0
13135,0.153,130120.0,852358.0
13137,0.184,6690.0,36340.0
13139,0.192,33975.0,177185.0
13141,0.138,685.0,4976.0
13143,0.14400000000000002,3793.0,26348.0
13145,0.09,2628.0,29141.0
13147,0.152,3045.0,20045.0
13149,0.146,1398.0,9549.0
13151,0.10400000000000001,22184.0,213849.0
13153,0.11,15907.0,144348.0
13155,0.155,1083.0,7009.0
13157,0.136,9773.0,71930.0
13159,0.139,1814.0,13084.0
13161,0.17600000000000002,2155.0,12233.0
13163,0.18600000000000003,2174.0,11687.0
13165,0.147,854.0,5807.0
13167,0.16899999999999998,946.0,5613.0
13169,0.122,2799.0,22945.0
13171,0.129,2001.0,15456.0
13173,0.139,1138.0,8173.0
13175,0.142,5575.0,39149.0
13177,0.115,3216.0,27945.0
13179,0.11900000000000001,6598.0,55563.0
13181,0.19699999999999998,1130.0,5743.0
13183,0.156,2504.0,16015.0
13185,0.14300000000000002,13845.0,97078.0
13187,0.16,3988.0,24870.0
13189,0.13,2210.0,17043.0
13191,0.17,1304.0,7670.0
13193,0.193,1442.0,7469.0
13195,0.177,4538.0,25682.0
13197,0.179,1017.0,5687.0
13199,0.17,2722.0,16044.0
13201,0.138,598.0,4344.0
13205,0.141,2181.0,15473.0
13207,0.124,2800.0,22632.0
13209,0.141,889.0,6284.0
13211,0.129,2134.0,16534.0
13213,0.182,6123.0,33715.0
13215,0.11800000000000001,19472.0,164495.0
13217,0.129,12703.0,98426.0
13219,0.07400000000000001,2717.0,36583.0
13221,0.163,2023.0,12428.0
13223,0.114,17887.0,157440.0
13225,0.155,3399.0,21974.0
13227,0.159,4285.0,27003.0
13229,0.157,2588.0,16440.0
13231,0.127,2126.0,16716.0
13233,0.153,5561.0,36384.0
13235,0.16,1014.0,6353.0
13237,0.16399999999999998,2769.0,16855.0
13239,0.172,253.0,1467.0
13241,0.19699999999999998,2372.0,12045.0
13243,0.158,662.0,4187.0
13245,0.124,19788.0,159099.0
13247,0.149,11516.0,77325.0
13249,0.12300000000000001,449.0,3644.0
13251,0.147,1555.0,10587.0
13253,0.151,1003.0,6634.0
13255,0.152,8214.0,53981.0
13257,0.14400000000000002,2993.0,20725.0
13259,0.165,516.0,3122.0
13261,0.14300000000000002,3075.0,21542.0
13263,0.142,575.0,4062.0
13265,0.10800000000000001,121.0,1125.0
13267,0.158,2569.0,16301.0
13269,0.16399999999999998,958.0,5846.0
13271,0.16399999999999998,1129.0,6882.0
13273,0.163,1036.0,6360.0
13275,0.134,4791.0,35742.0
13277,0.166,5472.0,33032.0
13279,0.161,3483.0,21658.0
13281,0.14400000000000002,1119.0,7745.0
13283,0.195,925.0,4747.0
13285,0.139,7882.0,56904.0
13287,0.155,1044.0,6750.0
13289,0.145,819.0,5635.0
13291,0.175,2972.0,17000.0
13293,0.141,3126.0,22224.0
13295,0.135,7352.0,54337.0
13297,0.127,10836.0,85505.0
13299,0.155,4205.0,27202.0
13301,0.145,548.0,3778.0
13303,0.142,1992.0,14075.0
13305,0.18100000000000002,4311.0,23829.0
13307,0.204,343.0,1682.0
13309,0.18,684.0,3796.0
13311,0.16699999999999998,3598.0,21562.0
13313,0.214,18536.0,86782.0
13315,0.138,702.0,5096.0
13317,0.177,1259.0,7101.0
13319,0.149,983.0,6590.0
13321,0.138,2187.0,15837.0
15001,0.055,9453.0,172408.0
15003,0.04,32610.0,825262.0
15005,,,
15007,0.051,3147.0,61833.0
15009,0.047,6533.0,139761.0
16001,0.071,30599.0,429134.0
16003,0.114,377.0,3315.0
16005,0.078,5790.0,74012.0
16007,0.08800000000000001,466.0,5311.0
16009,0.139,1087.0,7833.0
16011,0.106,4402.0,41444.0
16013,0.145,2813.0,19363.0
16015,0.095,573.0,6014.0
16017,0.111,4195.0,37861.0
16019,0.091,10054.0,110836.0
16021,0.136,1387.0,10183.0
16023,0.1,200.0,1995.0
16025,0.14,124.0,887.0
16027,0.11900000000000001,25310.0,212467.0
16029,0.092,541.0,5874.0
16031,0.125,2709.0,21595.0
16033,0.21600000000000003,139.0,645.0
16035,0.094,545.0,5778.0
16037,0.127,395.0,3114.0
16039,0.115,2775.0,24032.0
16041,0.10099999999999999,1308.0,12894.0
16043,0.134,1467.0,10947.0
16045,0.11,1727.0,15632.0
16047,0.18,2280.0,12663.0
16049,0.114,1375.0,12023.0
16051,0.091,2668.0,29162.0
16053,0.161,3466.0,21572.0
16055,0.09300000000000001,13726.0,147201.0
16057,0.073,2388.0,32716.0
16059,0.126,709.0,5627.0
16061,0.113,304.0,2692.0
16063,0.14,633.0,4510.0
16065,0.083,3072.0,37096.0
16067,0.142,2627.0,18457.0
16069,0.09300000000000001,3089.0,33121.0
16071,0.084,310.0,3704.0
16073,0.166,1681.0,10114.0
16075,0.11800000000000001,2570.0,21709.0
16077,0.14,923.0,6605.0
16079,0.107,1142.0,10655.0
16081,0.145,1559.0,10755.0
16083,0.11199999999999999,8637.0,77312.0
16085,0.11199999999999999,1018.0,9053.0
16087,0.092,751.0,8173.0
17001,0.055999999999999994,2840.0,50621.0
17003,0.057,207.0,3607.0
17005,0.064,721.0,11184.0
17007,0.067,2965.0,43982.0
17009,0.038,144.0,3753.0
17011,0.07400000000000001,1868.0,25244.0
17013,0.054000000000000006,177.0,3278.0
17015,0.076,802.0,10600.0
17017,0.078,807.0,10294.0
17019,0.057,9355.0,163377.0
17021,0.061,1456.0,24016.0
17023,0.059000000000000004,716.0,12077.0
17025,0.059000000000000004,599.0,10209.0
17027,0.057,1644.0,28767.0
17029,0.066,2371.0,36066.0
17031,0.09699999999999999,407619.0,4191977.0
17033,0.059000000000000004,811.0,13691.0
17035,0.05,411.0,8146.0
17037,0.064,5256.0,82261.0
17039,0.057,695.0,12172.0
17041,0.11599999999999999,1848.0,15922.0
17043,0.059000000000000004,44199.0,749594.0
17045,0.062,774.0,12451.0
17047,0.063,296.0,4722.0
17049,0.048,1349.0,27830.0
17051,0.076,1138.0,15006.0
17053,0.066,705.0,10655.0
17055,0.077,2273.0,29348.0
17057,0.063,1544.0,24349.0
17059,0.063,227.0,3630.0
17061,0.068,624.0,9188.0
17063,0.047,2119.0,44960.0
17065,0.07,435.0,6231.0
17067,0.059000000000000004,772.0,13015.0
17069,0.057,149.0,2611.0
17071,0.06,266.0,4466.0
17073,0.06,2248.0,37624.0
17075,0.076,1554.0,20356.0
17077,0.07200000000000001,2981.0,41252.0
17079,0.06,437.0,7234.0
17081,0.06,1664.0,27792.0
17083,0.052000000000000005,850.0,16490.0
17085,0.07200000000000001,1096.0,15220.0
17087,0.069,571.0,8289.0
17089,0.094,40503.0,429982.0
17091,0.067,5622.0,84337.0
17093,0.054000000000000006,6555.0,121438.0
17095,0.066,2330.0,35084.0
17097,0.07400000000000001,42691.0,577743.0
17099,0.062,5268.0,84773.0
17101,0.067,682.0,10173.0
17103,0.055999999999999994,1366.0,24564.0
17105,0.057999999999999996,1564.0,27078.0
17107,0.054000000000000006,1043.0,19455.0
17109,0.06,1180.0,19735.0
17111,0.059000000000000004,15346.0,259610.0
17113,0.049,6717.0,138405.0
17115,0.054000000000000006,4251.0,78090.0
17117,0.065,2219.0,34272.0
17119,0.055,11509.0,211037.0
17121,0.065,1895.0,29075.0
17123,0.057,505.0,8823.0
17125,0.066,648.0,9868.0
17127,0.065,711.0,10876.0
17129,0.048,464.0,9589.0
17131,0.055999999999999994,682.0,12073.0
17133,0.038,1078.0,28121.0
17135,0.067,1350.0,20144.0
17137,0.06,1414.0,23730.0
17139,0.087,998.0,11505.0
17141,0.061,2497.0,41140.0
17143,0.057999999999999996,8282.0,141850.0
17145,0.062,893.0,14449.0
17147,0.051,672.0,13173.0
17149,0.079,886.0,11207.0
17151,0.052000000000000005,132.0,2535.0
17153,0.059000000000000004,215.0,3644.0
17155,0.065,273.0,4192.0
17157,0.073,1571.0,21606.0
17159,0.065,792.0,12158.0
17161,0.07400000000000001,8104.0,109183.0
17163,0.053,10854.0,204172.0
17165,0.063,1134.0,17943.0
17167,0.052000000000000005,8084.0,155084.0
17169,0.08,413.0,5138.0
17171,0.049,186.0,3773.0
17173,0.057,905.0,15834.0
17175,0.071,293.0,4117.0
17177,0.055,1820.0,33099.0
17179,0.05,5114.0,102786.0
17181,0.07,903.0,12853.0
17183,0.054000000000000006,2976.0,55409.0
17185,0.057999999999999996,484.0,8394.0
17187,0.07200000000000001,878.0,12274.0
17189,0.048,505.0,10610.0
17191,0.08800000000000001,1083.0,12298.0
17193,0.064,663.0,10378.0
17195,0.059000000000000004,2476.0,42319.0
17197,0.059000000000000004,34800.0,586867.0
17199,0.05,2577.0,51920.0
17201,0.071,16136.0,227348.0
17203,0.051,1550.0,30404.0
18001,0.139,4143.0,29864.0
18003,0.081,26610.0,327021.0
18005,0.076,5234.0,68626.0
18007,0.09699999999999999,693.0,7118.0
18009,0.079,730.0,9266.0
18011,0.051,3223.0,63143.0
18013,0.077,885.0,11423.0
18015,0.09699999999999999,1577.0,16297.0
18017,0.094,2821.0,29969.0
18019,0.07400000000000001,7656.0,102973.0
18021,0.068,1446.0,21192.0
18023,0.099,2673.0,27117.0
18025,0.1,829.0,8300.0
18027,0.16899999999999998,4720.0,27867.0
18029,0.07,2865.0,41204.0
18031,0.066,1421.0,21624.0
18033,0.075,2715.0,36053.0
18035,0.087,7452.0,86039.0
18037,0.078,2744.0,35139.0
18039,0.128,22265.0,173321.0
18041,0.075,1370.0,18363.0
18043,0.069,4550.0,66068.0
18045,0.078,1032.0,13210.0
18047,0.073,1346.0,18484.0
18049,0.094,1517.0,16067.0
18051,0.067,1794.0,26839.0
18053,0.07200000000000001,3516.0,48871.0
18055,0.084,2072.0,24570.0
18057,0.046,14366.0,315462.0
18059,0.059000000000000004,4032.0,68718.0
18061,0.068,2187.0,31941.0
18063,0.059000000000000004,8961.0,152726.0
18065,0.07200000000000001,2599.0,36096.0
18067,0.07,4675.0,66505.0
18069,0.07,2043.0,29230.0
18071,0.086,3243.0,37784.0
18073,0.079,2124.0,26935.0
18075,0.08900000000000001,1450.0,16245.0
18077,0.07400000000000001,1816.0,24536.0
18079,0.073,1665.0,22669.0
18081,0.067,9261.0,138637.0
18083,0.078,2177.0,27758.0
18085,0.098,6373.0,64846.0
18087,0.33299999999999996,11534.0,34613.0
18089,0.077,31221.0,404616.0
18091,0.079,6694.0,84342.0
18093,0.08,2851.0,35659.0
18095,0.08,8118.0,102004.0
18097,0.098,79985.0,818829.0
18099,0.126,4711.0,37375.0
18101,0.087,657.0,7579.0
18103,0.087,2266.0,25937.0
18105,0.062,6800.0,109249.0
18107,0.083,2526.0,30304.0
18109,0.075,4411.0,58723.0
18111,0.096,1047.0,10920.0
18113,0.102,3959.0,38667.0
18115,0.079,369.0,4699.0
18117,0.085,1315.0,15434.0
18119,0.08900000000000001,1509.0,16890.0
18121,0.11900000000000001,1423.0,11919.0
18123,0.063,890.0,14017.0
18125,0.078,746.0,9560.0
18127,0.069,9753.0,141095.0
18129,0.057999999999999996,1141.0,19746.0
18131,0.092,899.0,9732.0
18133,0.07,1887.0,26920.0
18135,0.08900000000000001,1710.0,19246.0
18137,0.073,1711.0,23448.0
18139,0.08800000000000001,1180.0,13358.0
18141,0.08,17388.0,216210.0
18143,0.086,1739.0,20198.0
18145,0.077,2809.0,36304.0
18147,0.069,1090.0,15759.0
18149,0.086,1582.0,18430.0
18151,0.076,1926.0,25461.0
18153,0.07200000000000001,1063.0,14670.0
18155,0.09300000000000001,752.0,8045.0
18157,0.087,13211.0,151090.0
18159,0.07400000000000001,882.0,11957.0
18161,0.08199999999999999,450.0,5517.0
18163,0.079,11311.0,142997.0
18165,0.07400000000000001,902.0,12260.0
18167,0.09300000000000001,7480.0,80207.0
18169,0.081,1909.0,23443.0
18171,0.057,382.0,6680.0
18173,0.052000000000000005,2756.0,53209.0
18175,0.08,1811.0,22760.0
18177,0.085,4421.0,52305.0
18179,0.065,1499.0,22910.0
18181,0.1,1918.0,19228.0
18183,0.066,1847.0,27825.0
19001,0.05,290.0,5779.0
19003,0.051,138.0,2703.0
19005,0.077,816.0,10606.0
19007,0.055999999999999994,511.0,9099.0
19009,0.055999999999999994,234.0,4170.0
19011,0.045,929.0,20671.0
19013,0.052000000000000005,5425.0,103572.0
19015,0.046,971.0,21038.0
19017,0.036000000000000004,689.0,18959.0
19019,0.054000000000000006,896.0,16734.0
19021,0.09699999999999999,1585.0,16327.0
19023,0.048,517.0,10870.0
19025,0.055999999999999994,386.0,6902.0
19027,0.046,734.0,16033.0
19029,0.066,663.0,9987.0
19031,0.045,657.0,14455.0
19033,0.05,1594.0,31969.0
19035,0.054000000000000006,458.0,8532.0
19037,0.064,576.0,9029.0
19039,0.067,519.0,7759.0
19041,0.049,625.0,12689.0
19043,0.066,846.0,12747.0
19045,0.048,1774.0,36772.0
19047,0.098,1275.0,13049.0
19049,0.038,3580.0,94517.0
19051,0.14400000000000002,1073.0,7465.0
19053,0.057999999999999996,329.0,5638.0
19055,0.053,728.0,13811.0
19057,0.05,1503.0,29820.0
19059,0.055999999999999994,719.0,12926.0
19061,0.046,3537.0,76951.0
19063,0.079,537.0,6824.0
19065,0.055999999999999994,803.0,14328.0
19067,0.051,606.0,11828.0
19069,0.077,583.0,7613.0
19071,0.047,227.0,4860.0
19073,0.057999999999999996,381.0,6626.0
19075,0.043,418.0,9725.0
19077,0.06,483.0,8102.0
19079,0.052000000000000005,608.0,11613.0
19081,0.057,461.0,8056.0
19083,0.062,754.0,12189.0
19085,0.057999999999999996,678.0,11697.0
19087,0.052000000000000005,747.0,14459.0
19089,0.068,516.0,7548.0
19091,0.055999999999999994,415.0,7442.0
19093,0.055999999999999994,298.0,5350.0
19095,0.044000000000000004,585.0,13163.0
19097,0.052000000000000005,786.0,15043.0
19099,0.048,1384.0,28979.0
19101,0.078,861.0,11012.0
19103,0.05,6432.0,128220.0
19105,0.049,761.0,15383.0
19107,0.05,386.0,7653.0
19109,0.054000000000000006,579.0,10737.0
19111,0.048,1186.0,24856.0
19113,0.043,8021.0,186285.0
19115,0.069,586.0,8446.0
19117,0.054000000000000006,360.0,6719.0
19119,0.057999999999999996,573.0,9818.0
19121,0.046,643.0,14027.0
19123,0.051,885.0,17306.0
19125,0.040999999999999995,1058.0,26089.0
19127,0.069,2207.0,31960.0
19129,0.042,482.0,11559.0
19131,0.066,542.0,8240.0
19133,0.055999999999999994,358.0,6362.0
19135,0.048,289.0,5984.0
19137,0.055999999999999994,442.0,7894.0
19139,0.054000000000000006,1847.0,34246.0
19141,0.059000000000000004,639.0,10880.0
19143,0.07200000000000001,334.0,4612.0
19145,0.057999999999999996,602.0,10422.0
19147,0.051,336.0,6635.0
19149,0.046,946.0,20550.0
19151,0.078,416.0,5307.0
19153,0.055,23278.0,424730.0
19155,0.057,4238.0,74345.0
19157,0.045,592.0,13129.0
19159,0.063,227.0,3584.0
19161,0.057,420.0,7305.0
19163,0.057999999999999996,8190.0,141753.0
19165,0.06,533.0,8887.0
19167,0.06,1672.0,27961.0
19169,0.046,3500.0,75638.0
19171,0.065,852.0,13155.0
19173,0.067,305.0,4532.0
19175,0.055999999999999994,511.0,9102.0
19177,0.083,465.0,5569.0
19179,0.067,1850.0,27649.0
19181,0.038,1690.0,44200.0
19183,0.07,1256.0,17939.0
19185,0.059000000000000004,295.0,4973.0
19187,0.057,1560.0,27187.0
19189,0.055999999999999994,442.0,7839.0
19191,0.042,575.0,13832.0
19193,0.071,6158.0,86617.0
19195,0.054000000000000006,306.0,5666.0
19197,0.054000000000000006,524.0,9635.0
20001,0.111,1073.0,9642.0
20003,0.13,797.0,6134.0
20005,0.084,986.0,11677.0
20007,0.121,373.0,3070.0
20009,0.134,2641.0,19668.0
20011,0.10099999999999999,1152.0,11379.0
20013,0.122,882.0,7221.0
20015,0.083,4585.0,55114.0
20017,0.092,164.0,1789.0
20019,0.139,354.0,2547.0
20021,0.111,1697.0,15250.0
20023,0.15,285.0,1897.0
20025,0.079,121.0,1534.0
20027,0.094,568.0,6054.0
20029,0.087,581.0,6708.0
20031,0.09,574.0,6395.0
20033,0.09,111.0,1228.0
20035,0.102,2709.0,26548.0
20037,0.107,3431.0,32119.0
20039,0.11,208.0,1893.0
20041,0.09300000000000001,1358.0,14584.0
20043,0.09300000000000001,520.0,5597.0
20045,0.09699999999999999,9383.0,96529.0
20047,0.136,289.0,2131.0
20049,0.125,223.0,1778.0
20051,0.111,2528.0,22738.0
20053,0.09699999999999999,385.0,3982.0
20055,0.174,5649.0,32505.0
20057,0.16399999999999998,4799.0,29271.0
20059,0.08800000000000001,1845.0,20990.0
20061,0.084,2653.0,31652.0
20063,0.1,208.0,2076.0
20065,0.121,212.0,1756.0
20067,0.175,1062.0,6083.0
20069,0.179,863.0,4824.0
20071,0.11699999999999999,116.0,992.0
20073,0.111,487.0,4375.0
20075,0.19899999999999998,407.0,2046.0
20077,0.11800000000000001,488.0,4120.0
20079,0.11,2907.0,26397.0
20081,0.212,621.0,2929.0
20083,0.113,154.0,1362.0
20085,0.10400000000000001,1083.0,10463.0
20087,0.09,1315.0,14559.0
20089,0.11699999999999999,229.0,1965.0
20091,0.059000000000000004,30791.0,518120.0
20093,0.165,525.0,3179.0
20095,0.10300000000000001,591.0,5734.0
20097,0.11800000000000001,199.0,1688.0
20099,0.109,1721.0,15742.0
20101,0.126,147.0,1167.0
20103,0.08,5120.0,64385.0
20105,0.10400000000000001,222.0,2137.0
20107,0.105,799.0,7637.0
20109,0.107,231.0,2154.0
20111,0.135,3474.0,25824.0
20113,0.096,2188.0,22687.0
20115,0.111,961.0,8660.0
20117,0.10300000000000001,790.0,7667.0
20119,0.161,510.0,3165.0
20121,0.076,2141.0,28240.0
20123,0.114,501.0,4381.0
20125,0.113,2732.0,24166.0
20127,0.105,419.0,3973.0
20129,0.152,314.0,2066.0
20131,0.081,656.0,8120.0
20133,0.098,1188.0,12090.0
20135,0.135,266.0,1976.0
20137,0.105,354.0,3383.0
20139,0.1,1243.0,12477.0
20141,0.10300000000000001,265.0,2571.0
20143,0.078,351.0,4523.0
20145,0.1,404.0,4047.0
20147,0.12300000000000001,443.0,3589.0
20149,0.075,1650.0,22110.0
20151,0.111,752.0,6798.0
20153,0.105,192.0,1824.0
20155,0.10099999999999999,4723.0,46947.0
20157,0.09699999999999999,328.0,3371.0
20159,0.107,756.0,7096.0
20161,0.102,5574.0,54411.0
20163,0.131,460.0,3510.0
20165,0.115,254.0,2203.0
20167,0.091,453.0,4997.0
20169,0.099,4180.0,42276.0
20171,0.17600000000000002,700.0,3973.0
20173,0.12300000000000001,53936.0,436746.0
20175,0.182,3384.0,18568.0
20177,0.10099999999999999,14257.0,140781.0
20179,0.07400000000000001,138.0,1853.0
20181,0.134,596.0,4434.0
20183,0.085,211.0,2480.0
20185,0.131,406.0,3093.0
20187,0.149,239.0,1605.0
20189,0.19,821.0,4329.0
20191,0.102,1822.0,17944.0
20193,0.126,768.0,6113.0
20195,0.10800000000000001,219.0,2021.0
20197,0.077,414.0,5348.0
20199,0.086,99.0,1145.0
20201,0.11900000000000001,499.0,4189.0
20203,0.158,258.0,1629.0
20205,0.10400000000000001,690.0,6608.0
20207,0.095,221.0,2327.0
20209,0.151,21216.0,140294.0
21001,0.07400000000000001,1049.0,14231.0
21003,0.064,1117.0,17359.0
21005,0.059000000000000004,1198.0,20212.0
21007,0.065,383.0,5913.0
21009,0.077,2814.0,36352.0
21011,0.063,661.0,10531.0
21013,0.07,1281.0,18396.0
21015,0.047,5575.0,118368.0
21017,0.075,1197.0,16012.0
21019,0.06,2220.0,36722.0
21021,0.06,1338.0,22241.0
21023,0.062,428.0,6918.0
21025,0.067,706.0,10612.0
21027,0.08199999999999999,1346.0,16494.0
21029,0.049,3382.0,69417.0
21031,0.09300000000000001,919.0,9885.0
21033,0.068,665.0,9777.0
21035,0.071,2031.0,28409.0
21037,0.048,3666.0,75832.0
21039,0.083,315.0,3776.0
21041,0.068,616.0,9025.0
21043,0.075,1546.0,20493.0
21045,0.092,1130.0,12261.0
21047,0.07400000000000001,4280.0,57979.0
21049,0.054000000000000006,1614.0,29923.0
21051,0.083,1264.0,15148.0
21053,0.08199999999999999,591.0,7165.0
21055,0.077,525.0,6848.0
21057,0.07400000000000001,340.0,4574.0
21059,0.062,5127.0,83222.0
21061,0.079,766.0,9641.0
21063,0.051,237.0,4668.0
21065,0.078,884.0,11264.0
21067,0.076,19910.0,262646.0
21069,0.077,950.0,12360.0
21071,0.071,1996.0,27930.0
21073,0.064,2621.0,40667.0
21075,0.068,304.0,4439.0
21077,0.066,491.0,7452.0
21079,0.087,1240.0,14173.0
21081,0.066,1413.0,21537.0
21083,0.073,2134.0,29425.0
21085,0.075,1578.0,21090.0
21087,0.079,712.0,8960.0
21089,0.061,1674.0,27331.0
21091,0.059000000000000004,429.0,7325.0
21093,0.059000000000000004,5531.0,93264.0
21095,0.066,1341.0,20289.0
21097,0.062,963.0,15526.0
21099,0.079,1264.0,16004.0
21101,0.069,2394.0,34876.0
21103,0.077,982.0,12824.0
21105,0.07200000000000001,233.0,3231.0
21107,0.068,2441.0,35838.0
21109,0.07400000000000001,787.0,10568.0
21111,0.063,39520.0,627608.0
21113,0.075,3328.0,44288.0
21115,0.067,1182.0,17683.0
21117,0.054000000000000006,7741.0,143509.0
21119,0.07200000000000001,749.0,10458.0
21121,0.073,1749.0,23898.0
21123,0.091,1113.0,12291.0
21125,0.07200000000000001,3683.0,51298.0
21127,0.077,997.0,13032.0
21129,0.067,327.0,4854.0
21131,0.054000000000000006,419.0,7821.0
21133,0.071,1155.0,16298.0
21135,0.076,777.0,10283.0
21137,0.076,1492.0,19702.0
21139,0.057,398.0,6951.0
21141,0.066,1482.0,22397.0
21143,0.085,447.0,5229.0
21145,0.066,3478.0,52745.0
21147,0.08,991.0,12332.0
21149,0.07,515.0,7306.0
21151,0.061,4693.0,77160.0
21153,0.076,691.0,9076.0
21155,0.062,991.0,16011.0
21157,0.062,1515.0,24360.0
21159,0.066,505.0,7619.0
21161,0.073,990.0,13528.0
21163,0.063,1579.0,25198.0
21165,0.067,330.0,4900.0
21167,0.065,1196.0,18468.0
21169,0.064,528.0,8299.0
21171,0.081,740.0,9116.0
21173,0.066,1543.0,23417.0
21175,0.086,828.0,9640.0
21177,0.069,1583.0,23014.0
21179,0.054000000000000006,2124.0,39129.0
21181,0.071,458.0,6489.0
21183,0.079,1495.0,18988.0
21185,0.036000000000000004,2045.0,56101.0
21187,0.076,687.0,8991.0
21189,0.064,197.0,3085.0
21191,0.068,819.0,12054.0
21193,0.066,1454.0,21989.0
21195,0.07,3085.0,43783.0
21197,0.062,661.0,10600.0
21199,0.079,4128.0,52166.0
21201,0.067,114.0,1710.0
21203,0.068,881.0,12895.0
21205,0.062,1126.0,18248.0
21207,0.075,1069.0,14197.0
21209,0.045,2263.0,50598.0
21211,0.07,2787.0,39697.0
21213,0.059000000000000004,946.0,16097.0
21215,0.054000000000000006,922.0,17108.0
21217,0.064,1297.0,20352.0
21219,0.126,1289.0,10193.0
21221,0.083,915.0,11003.0
21223,0.067,471.0,7028.0
21225,0.069,702.0,10213.0
21227,0.092,10693.0,115783.0
21229,0.067,645.0,9657.0
21231,0.079,1173.0,14932.0
21233,0.092,921.0,10056.0
21235,0.067,1983.0,29414.0
21237,0.076,381.0,5042.0
21239,0.057999999999999996,1225.0,20974.0
22001,0.084,3928.0,46988.0
22003,0.07200000000000001,1161.0,16082.0
22005,0.065,7218.0,111429.0
22007,0.09699999999999999,1559.0,16088.0
22009,0.09300000000000001,2717.0,29168.0
22011,0.08900000000000001,2654.0,29800.0
22013,0.07200000000000001,695.0,9720.0
22015,0.083,8861.0,106799.0
22017,0.08199999999999999,14767.0,179348.0
22019,0.081,13354.0,165764.0
22021,0.08900000000000001,633.0,7090.0
22023,0.066,262.0,3968.0
22025,0.084,530.0,6346.0
22027,0.096,853.0,8912.0
22029,0.09300000000000001,1253.0,13538.0
22031,0.081,1725.0,21312.0
22033,0.076,27292.0,358442.0
22035,0.08800000000000001,362.0,4118.0
22037,0.066,862.0,12966.0
22039,0.08199999999999999,2083.0,25483.0
22041,0.094,1444.0,15300.0
22043,0.079,1229.0,15646.0
22045,0.086,4811.0,55765.0
22047,0.079,1667.0,21227.0
22049,0.07400000000000001,821.0,11148.0
22051,0.109,36943.0,338879.0
22053,0.083,2184.0,26181.0
22055,0.087,17895.0,206466.0
22057,0.08199999999999999,6319.0,77037.0
22059,0.08900000000000001,932.0,10414.0
22061,0.08,2869.0,35696.0
22063,0.071,8983.0,126561.0
22065,0.069,475.0,6896.0
22067,0.079,1437.0,18252.0
22069,0.075,2089.0,28032.0
22071,0.08,22812.0,286032.0
22073,0.076,9552.0,125560.0
22075,0.085,1559.0,18387.0
22077,0.077,1182.0,15357.0
22079,0.079,8094.0,102037.0
22081,0.077,445.0,5780.0
22083,0.08900000000000001,1348.0,15130.0
22085,0.1,1676.0,16819.0
22087,0.09,3404.0,37962.0
22089,0.055,2300.0,42191.0
22091,0.083,687.0,8241.0
22093,0.06,905.0,15185.0
22095,0.069,2239.0,32326.0
22097,0.085,5652.0,66215.0
22099,0.079,3298.0,41897.0
22101,0.09300000000000001,3525.0,37849.0
22103,0.08,17701.0,220567.0
22105,0.084,9333.0,110779.0
22107,0.10300000000000001,280.0,2721.0
22109,0.095,8196.0,85849.0
22111,0.07400000000000001,1164.0,15695.0
22113,0.081,3838.0,47113.0
22115,0.076,2975.0,39303.0
22117,0.07400000000000001,2560.0,34463.0
22119,0.08,2232.0,27774.0
22121,0.057999999999999996,1315.0,22803.0
22123,0.09,672.0,7460.0
22125,0.053,405.0,7704.0
22127,0.08,738.0,9199.0
23001,0.081,7126.0,87847.0
23003,0.10400000000000001,5115.0,49114.0
23005,0.067,16134.0,241165.0
23007,0.08900000000000001,1934.0,21772.0
23009,0.115,4650.0,40444.0
23011,0.081,7867.0,96927.0
23013,0.10300000000000001,2937.0,28600.0
23015,0.10099999999999999,2548.0,25272.0
23017,0.11,4982.0,45164.0
23019,0.08800000000000001,10397.0,118099.0
23021,0.091,1132.0,12463.0
23023,0.078,2203.0,28255.0
23025,0.09699999999999999,3768.0,38886.0
23027,0.10400000000000001,3081.0,29519.0
23029,0.11599999999999999,2600.0,22366.0
23031,0.071,11873.0,167549.0
24001,0.061,2960.0,48441.0
24003,0.052000000000000005,25423.0,490282.0
24005,0.06,40013.0,668068.0
24009,0.044000000000000004,3455.0,79041.0
24011,0.087,2384.0,27415.0
24013,0.043,6130.0,141937.0
24015,0.054000000000000006,4676.0,86661.0
24017,0.049,7065.0,143674.0
24019,0.07,1740.0,24856.0
24021,0.052000000000000005,12367.0,239535.0
24023,0.084,1803.0,21471.0
24025,0.046,10064.0,217031.0
24027,0.043,12048.0,280417.0
24029,0.071,913.0,12880.0
24031,0.077,66678.0,863347.0
24033,0.109,83913.0,769147.0
24035,0.06,2455.0,40937.0
24037,0.053,5185.0,97166.0
24039,0.061,948.0,15443.0
24041,0.075,1973.0,26274.0
24043,0.076,9303.0,121821.0
24045,0.08,6733.0,83770.0
24047,0.071,2686.0,37991.0
24510,0.066,30030.0,456931.0
25001,0.03,4588.0,154006.0
25003,0.027999999999999997,2579.0,92053.0
25005,0.034,15754.0,468796.0
25007,0.040999999999999995,630.0,15288.0
25009,0.035,22514.0,646068.0
25011,0.026000000000000002,1355.0,52815.0
25013,0.033,12022.0,367311.0
25015,0.025,2749.0,109487.0
25017,0.024,31210.0,1307400.0
25019,0.038,451.0,11973.0
25021,0.024,13748.0,584808.0
25023,0.024,10240.0,421037.0
25025,0.031,19020.0,621905.0
25027,0.032,22465.0,696156.0
26001,0.071,469.0,6622.0
26003,0.06,334.0,5559.0
26005,0.057,5663.0,98852.0
26007,0.062,1323.0,21406.0
26009,0.068,1169.0,17279.0
26011,0.064,710.0,11012.0
26013,0.066,357.0,5416.0
26015,0.055,2788.0,50782.0
26017,0.057,4586.0,80445.0
26019,0.068,890.0,13120.0
26021,0.069,8223.0,118421.0
26023,0.08199999999999999,2877.0,34931.0
26025,0.062,6578.0,106900.0
26027,0.069,2714.0,39452.0
26029,0.062,1181.0,19055.0
26031,0.075,1380.0,18313.0
26033,0.075,1837.0,24536.0
26035,0.083,1930.0,23243.0
26037,0.044000000000000004,2859.0,64814.0
26039,0.061,598.0,9820.0
26041,0.063,1706.0,27040.0
26043,0.051,990.0,19575.0
26045,0.048,4125.0,86110.0
26047,0.065,1643.0,25470.0
26049,0.052000000000000005,16789.0,323056.0
26051,0.077,1434.0,18578.0
26053,0.061,615.0,10081.0
26055,0.057,4268.0,74436.0
26057,0.051,1467.0,28690.0
26059,0.066,2305.0,34997.0
26061,0.063,1728.0,27579.0
26063,0.07,1597.0,22698.0
26065,0.057999999999999996,13193.0,227821.0
26067,0.057999999999999996,2876.0,49948.0
26069,0.064,1133.0,17660.0
26071,0.077,610.0,7945.0
26073,0.066,3442.0,52014.0
26075,0.055999999999999994,6861.0,121850.0
26077,0.051,10862.0,214164.0
26079,0.073,1039.0,14173.0
26081,0.055,30301.0,553597.0
26083,0.048,68.0,1405.0
26085,0.076,598.0,7863.0
26087,0.057,3956.0,69953.0
26089,0.066,995.0,15034.0
26091,0.054000000000000006,4076.0,75052.0
26093,0.038,6004.0,157651.0
26095,0.064,248.0,3891.0
26097,0.10800000000000001,800.0,7396.0
26099,0.055,39276.0,710385.0
26101,0.07,1206.0,17107.0
26103,0.059000000000000004,2936.0,49819.0
26105,0.055,1201.0,21686.0
26107,0.068,2166.0,31863.0
26109,0.063,1058.0,16854.0
26111,0.048,3197.0,66697.0
26113,0.081,960.0,11881.0
26115,0.049,6112.0,124589.0
26117,0.073,3670.0,50252.0
26119,0.077,494.0,6430.0
26121,0.051,7067.0,139790.0
26123,0.07,2818.0,39988.0
26125,0.047,48105.0,1028005.0
26127,0.07400000000000001,1534.0,20857.0
26129,0.07400000000000001,1107.0,15027.0
26131,0.071,260.0,3677.0
26133,0.067,1195.0,17923.0
26135,0.09699999999999999,580.0,5949.0
26137,0.067,1327.0,19856.0
26139,0.046,11342.0,244802.0
26141,0.064,566.0,8826.0
26143,0.067,1047.0,15561.0
26145,0.055,7988.0,145187.0
26147,0.049,6189.0,127481.0
26149,0.077,3776.0,49165.0
26151,0.067,2062.0,30987.0
26153,0.07200000000000001,416.0,5743.0
26155,0.055,3008.0,54334.0
26157,0.059000000000000004,2407.0,41034.0
26159,0.073,4408.0,60650.0
26161,0.043,12509.0,291542.0
26163,0.057,82316.0,1437633.0
26165,0.069,1863.0,26895.0
27001,0.068,720.0,10517.0
27003,0.052000000000000005,16071.0,309844.0
27005,0.07,1887.0,26918.0
27007,0.079,2776.0,34930.0
27009,0.054000000000000006,1931.0,35436.0
27011,0.062,234.0,3770.0
27013,0.052000000000000005,2905.0,56342.0
27015,0.05,969.0,19340.0
27017,0.054000000000000006,1538.0,28375.0
27019,0.033,3075.0,94414.0
27021,0.077,1700.0,22075.0
27023,0.068,641.0,9464.0
27025,0.045,2136.0,46995.0
27027,0.048,2606.0,54313.0
27029,0.091,612.0,6712.0
27031,0.071,276.0,3878.0
27033,0.071,614.0,8636.0
27035,0.061,3131.0,50989.0
27037,0.044000000000000004,16562.0,372329.0
27039,0.043,763.0,17636.0
27041,0.048,1430.0,29808.0
27043,0.069,723.0,10554.0
27045,0.077,1282.0,16586.0
27047,0.083,1931.0,23324.0
27049,0.052000000000000005,1973.0,37807.0
27051,0.062,287.0,4660.0
27053,0.052000000000000005,54716.0,1047707.0
27055,0.042,603.0,14386.0
27057,0.075,1207.0,15991.0
27059,0.057999999999999996,2050.0,35373.0
27061,0.06,1991.0,33039.0
27063,0.055,417.0,7560.0
27065,0.069,880.0,12812.0
27067,0.065,2230.0,34405.0
27069,0.046,137.0,2994.0
27071,0.061,510.0,8370.0
27073,0.054000000000000006,260.0,4811.0
27075,0.063,501.0,7896.0
27077,0.052000000000000005,149.0,2857.0
27079,0.048,1144.0,23619.0
27081,0.055999999999999994,234.0,4187.0
27083,0.055,1112.0,20305.0
27085,0.053,1559.0,29200.0
27087,0.08,321.0,4020.0
27089,0.066,446.0,6775.0
27091,0.059000000000000004,862.0,14675.0
27093,0.061,1116.0,18427.0
27095,0.066,1448.0,21899.0
27097,0.054000000000000006,1449.0,26833.0
27099,0.07200000000000001,2311.0,32215.0
27101,0.071,413.0,5856.0
27103,0.047,1224.0,26114.0
27105,0.11,1948.0,17687.0
27107,0.069,341.0,4975.0
27109,0.040999999999999995,5607.0,135240.0
27111,0.066,2946.0,44742.0
27113,0.034,371.0,10971.0
27115,0.068,1485.0,21693.0
27117,0.073,537.0,7327.0
27119,0.055999999999999994,1357.0,24141.0
27121,0.044000000000000004,378.0,8503.0
27123,0.067,29534.0,439032.0
27125,0.054000000000000006,160.0,2960.0
27127,0.069,813.0,11864.0
27129,0.084,945.0,11218.0
27131,0.061,3023.0,49701.0
27133,0.047,352.0,7514.0
27135,0.053,653.0,12225.0
27137,0.057999999999999996,8880.0,153223.0
27139,0.044000000000000004,5926.0,134605.0
27141,0.047,4031.0,86493.0
27143,0.062,743.0,11958.0
27145,0.052000000000000005,6719.0,128676.0
27147,0.05,1494.0,29978.0
27149,0.054000000000000006,399.0,7341.0
27151,0.091,671.0,7406.0
27153,0.08199999999999999,1591.0,19346.0
27155,0.061,147.0,2396.0
27157,0.047,774.0,16474.0
27159,0.063,716.0,11318.0
27161,0.055999999999999994,808.0,14504.0
27163,0.039,9023.0,228600.0
27165,0.10400000000000001,890.0,8597.0
27167,0.040999999999999995,207.0,5058.0
27169,0.055999999999999994,2095.0,37292.0
27171,0.044000000000000004,5551.0,127593.0
27173,0.066,482.0,7298.0
28001,0.154,3158.0,20499.0
28003,0.139,3772.0,27090.0
28005,0.154,1409.0,9127.0
28007,0.141,1929.0,13716.0
28009,0.18,1072.0,5947.0
28011,0.142,3135.0,22132.0
28013,0.171,1710.0,9997.0
28015,0.152,1011.0,6653.0
28017,0.145,1888.0,13030.0
28019,0.128,773.0,6059.0
28021,0.12,710.0,5921.0
28023,0.133,1548.0,11663.0
28025,0.125,1762.0,14116.0
28027,0.14400000000000002,2248.0,15572.0
28029,0.129,2698.0,20966.0
28031,0.129,1893.0,14684.0
28033,0.106,17404.0,163509.0
28035,0.11900000000000001,7273.0,61215.0
28037,0.138,812.0,5894.0
28039,0.138,2922.0,21100.0
28041,0.11699999999999999,1024.0,8746.0
28043,0.139,2312.0,16588.0
28045,0.125,4443.0,35686.0
28047,0.141,24109.0,171107.0
28049,0.129,21861.0,168888.0
28051,0.13699999999999998,1649.0,12010.0
28053,0.155,880.0,5689.0
28055,0.23,126.0,549.0
28057,0.134,2477.0,18532.0
28059,0.125,14870.0,118620.0
28061,0.11800000000000001,1445.0,12233.0
28063,0.147,757.0,5149.0
28065,0.13699999999999998,1111.0,8084.0
28067,0.132,6909.0,52338.0
28069,0.13,741.0,5693.0
28071,0.139,6099.0,43730.0
28073,0.131,7190.0,54950.0
28075,0.132,7157.0,54210.0
28077,0.133,1237.0,9277.0
28079,0.157,2571.0,16327.0
28081,0.13,8957.0,68882.0
28083,0.124,2596.0,20959.0
28085,0.139,3896.0,27982.0
28087,0.113,5114.0,45441.0
28089,0.09699999999999999,8899.0,91747.0
28091,0.14300000000000002,2682.0,18786.0
28093,0.139,3526.0,25311.0
28095,0.13699999999999998,3588.0,26268.0
28097,0.159,1137.0,7171.0
28099,0.152,3422.0,22449.0
28101,0.132,2139.0,16161.0
28103,0.158,1229.0,7769.0
28105,0.131,5094.0,38841.0
28107,0.14300000000000002,3718.0,26011.0
28109,0.152,6850.0,45181.0
28111,0.132,1204.0,9120.0
28113,0.145,4491.0,30891.0
28115,0.15,3953.0,26329.0
28117,0.13,2486.0,19109.0
28119,0.152,668.0,4396.0
28121,0.109,13924.0,127433.0
28123,0.153,3472.0,22667.0
28125,0.136,358.0,2626.0
28127,0.142,2857.0,20125.0
28129,0.138,1519.0,10971.0
28131,0.152,2173.0,14257.0
28133,0.133,2193.0,16456.0
28135,0.141,1138.0,8097.0
28137,0.134,2977.0,22181.0
28139,0.16899999999999998,2896.0,17157.0
28141,0.166,2422.0,14592.0
28143,0.121,934.0,7723.0
28145,0.134,3111.0,23265.0
28147,0.165,1756.0,10645.0
28149,0.11699999999999999,3946.0,33615.0
28151,0.141,4648.0,32919.0
28153,0.163,2564.0,15691.0
28155,0.14300000000000002,1154.0,8078.0
28157,0.128,701.0,5458.0
28159,0.139,1817.0,13052.0
28161,0.11800000000000001,1103.0,9325.0
28163,0.131,2265.0,17340.0
29001,0.10800000000000001,2031.0,18804.0
29003,0.094,1349.0,14398.0
29005,0.127,490.0,3846.0
29007,0.138,2628.0,19087.0
29009,0.142,3841.0,27118.0
29011,0.145,1338.0,9228.0
29013,0.134,1712.0,12794.0
29015,0.149,2069.0,13896.0
29017,0.145,1192.0,8236.0
29019,0.084,12823.0,152829.0
29021,0.121,7944.0,65749.0
29023,0.138,4615.0,33499.0
29025,0.131,919.0,7024.0
29027,0.098,3316.0,33752.0
29029,0.139,4257.0,30568.0
29031,0.098,6426.0,65362.0
29033,0.11699999999999999,761.0,6491.0
29035,0.132,551.0,4170.0
29037,0.08900000000000001,8072.0,90533.0
29039,0.147,1638.0,11119.0
29041,0.109,591.0,5444.0
29043,0.109,8460.0,77455.0
29045,0.129,681.0,5291.0
29047,0.077,16820.0,217379.0
29049,0.099,1715.0,17404.0
29051,0.09,5358.0,59211.0
29053,0.105,1360.0,12997.0
29055,0.152,2706.0,17819.0
29057,0.138,797.0,5757.0
29059,0.14800000000000002,2072.0,13958.0
29061,0.158,1025.0,6492.0
29063,0.10300000000000001,748.0,7232.0
29065,0.139,1560.0,11190.0
29067,0.122,1095.0,8948.0
29069,0.133,2913.0,21917.0
29071,0.102,8750.0,85536.0
29073,0.13,1467.0,11316.0
29075,0.15,761.0,5057.0
29077,0.111,27188.0,244882.0
29079,0.149,1125.0,7561.0
29081,0.106,668.0,6309.0
29083,0.11599999999999999,2018.0,17404.0
29085,0.131,763.0,5803.0
29087,0.106,336.0,3173.0
29089,0.106,783.0,7403.0
29091,0.13,4217.0,32354.0
29093,0.13,933.0,7159.0
29095,0.111,65719.0,593157.0
29097,0.14,14375.0,102436.0
29099,0.095,18105.0,191067.0
29101,0.105,4687.0,44657.0
29103,0.16699999999999998,487.0,2916.0
29105,0.11699999999999999,3455.0,29519.0
29107,0.11900000000000001,3136.0,26443.0
29109,0.151,4779.0,31610.0
29111,0.132,946.0,7140.0
29113,0.098,5238.0,53689.0
29115,0.113,1051.0,9310.0
29117,0.125,1307.0,10448.0
29119,0.18,3532.0,19667.0
29121,0.114,1334.0,11653.0
29123,0.10800000000000001,1082.0,10006.0
29125,0.13,857.0,6569.0
29127,0.105,2349.0,22468.0
29129,0.14800000000000002,390.0,2628.0
29131,0.125,2544.0,20274.0
29133,0.15,1311.0,8760.0
29135,0.177,2150.0,12124.0
29137,0.134,866.0,6455.0
29139,0.12,1086.0,9072.0
29141,0.214,3532.0,16474.0
29143,0.125,1547.0,12350.0
29145,0.134,6429.0,48139.0
29147,0.10300000000000001,1617.0,15734.0
29149,0.145,967.0,6683.0
29151,0.09,974.0,10814.0
29153,0.156,988.0,6339.0
29155,0.11900000000000001,1407.0,11830.0
29157,0.109,1640.0,14992.0
29159,0.14,4938.0,35282.0
29161,0.11699999999999999,4127.0,35214.0
29163,0.131,1708.0,13059.0
29165,0.07400000000000001,6839.0,92471.0
29167,0.131,3423.0,26066.0
29169,0.1,3867.0,38630.0
29171,0.106,372.0,3521.0
29173,0.10099999999999999,809.0,8032.0
29175,0.114,2128.0,18679.0
29177,0.12,2242.0,18656.0
29179,0.153,684.0,4479.0
29181,0.138,1180.0,8528.0
29183,0.062,21284.0,342020.0
29185,0.12300000000000001,858.0,6967.0
29186,0.10400000000000001,1476.0,14195.0
29187,0.136,6835.0,50192.0
29189,0.073,56786.0,783155.0
29195,0.111,1886.0,16935.0
29197,0.135,431.0,3191.0
29199,0.23,856.0,3722.0
29201,0.126,3840.0,30382.0
29203,0.126,698.0,5535.0
29205,0.128,585.0,4576.0
29207,0.139,3108.0,22355.0
29209,0.136,2957.0,21787.0
29211,0.12,546.0,4565.0
29213,0.14,5867.0,41926.0
29215,0.14,2562.0,18355.0
29217,0.122,1849.0,15159.0
29219,0.10800000000000001,3280.0,30404.0
29221,0.13699999999999998,2500.0,18272.0
29223,0.142,1144.0,8042.0
29225,0.126,4267.0,33736.0
29227,0.126,179.0,1417.0
29229,0.15,2276.0,15219.0
29510,0.096,22067.0,230635.0
30001,0.11900000000000001,853.0,7165.0
30003,0.124,1112.0,8962.0
30005,0.127,635.0,4981.0
30007,0.11599999999999999,691.0,5936.0
30009,0.10400000000000001,849.0,8148.0
30011,0.11900000000000001,120.0,1006.0
30013,0.11,7267.0,66361.0
30015,0.14,603.0,4294.0
30017,0.11699999999999999,1083.0,9270.0
30019,0.122,148.0,1210.0
30021,0.084,555.0,6631.0
30023,0.114,762.0,6698.0
30025,0.09300000000000001,227.0,2440.0
30027,0.113,975.0,8646.0
30029,0.115,10218.0,88835.0
30031,0.08,8451.0,105177.0
30033,0.11699999999999999,106.0,907.0
30035,0.127,1232.0,9738.0
30037,0.11800000000000001,66.0,557.0
30039,0.141,341.0,2416.0
30041,0.126,1553.0,12344.0
30043,0.09699999999999999,948.0,9803.0
30045,0.111,169.0,1519.0
30047,0.155,3683.0,23697.0
30049,0.095,5558.0,58305.0
30051,0.16699999999999998,252.0,1507.0
30053,0.152,2289.0,15013.0
30055,0.109,132.0,1208.0
30057,0.131,857.0,6559.0
30059,0.14800000000000002,201.0,1362.0
30061,0.11699999999999999,422.0,3618.0
30063,0.09,8901.0,98663.0
30065,0.11699999999999999,441.0,3773.0
30067,0.102,1383.0,13500.0
30069,0.063,23.0,366.0
30071,0.106,334.0,3160.0
30073,0.135,613.0,4535.0
30075,0.135,163.0,1205.0
30077,0.129,514.0,3977.0
30079,0.146,106.0,727.0
30081,0.11900000000000001,4105.0,34593.0
30083,0.098,919.0,9331.0
30085,0.134,1024.0,7617.0
30087,0.111,668.0,6014.0
30089,0.165,1478.0,8948.0
30091,0.124,328.0,2647.0
30093,0.09699999999999999,2782.0,28560.0
30095,0.09,627.0,6940.0
30097,0.1,268.0,2670.0
30099,0.115,564.0,4896.0
30101,0.124,429.0,3447.0
30103,0.125,66.0,529.0
30105,0.134,738.0,5505.0
30107,0.172,260.0,1508.0
30109,0.124,86.0,695.0
30111,0.092,12607.0,136850.0
31001,0.08,1932.0,24178.0
31003,0.084,395.0,4714.0
31005,0.065,22.0,337.0
31007,0.064,31.0,485.0
31009,0.073,26.0,354.0
31011,0.061,252.0,4106.0
31013,0.109,908.0,8334.0
31015,0.08800000000000001,104.0,1177.0
31017,0.1,215.0,2150.0
31019,0.079,3219.0,40559.0
31021,0.081,412.0,5074.0
31023,0.071,472.0,6643.0
31025,0.059000000000000004,1295.0,22045.0
31027,0.073,474.0,6469.0
31029,0.11199999999999999,325.0,2897.0
31031,0.078,330.0,4236.0
31033,0.076,560.0,7343.0
31035,0.087,413.0,4774.0
31037,0.147,1292.0,8812.0
31039,0.11199999999999999,776.0,6899.0
31041,0.073,584.0,8053.0
31043,0.105,1854.0,17636.0
31045,0.079,466.0,5919.0
31047,0.126,2440.0,19376.0
31049,0.071,99.0,1385.0
31051,0.102,429.0,4198.0
31053,0.086,2514.0,29327.0
31055,0.079,39276.0,494246.0
31057,0.098,114.0,1158.0
31059,0.067,280.0,4180.0
31061,0.071,147.0,2063.0
31063,0.078,144.0,1841.0
31065,0.085,287.0,3391.0
31067,0.07400000000000001,1242.0,16723.0
31069,0.084,109.0,1302.0
31071,0.064,81.0,1263.0
31073,0.087,121.0,1384.0
31075,0.08199999999999999,36.0,440.0
31077,0.091,152.0,1665.0
31079,0.10400000000000001,5354.0,51478.0
31081,0.061,459.0,7465.0
31083,0.09,195.0,2178.0
31085,0.083,51.0,617.0
31087,0.073,141.0,1937.0
31089,0.08900000000000001,680.0,7673.0
31091,0.091,44.0,486.0
31093,0.057,287.0,5040.0
31095,0.073,393.0,5383.0
31097,0.068,219.0,3238.0
31099,0.065,343.0,5295.0
31101,0.083,493.0,5942.0
31103,0.094,50.0,533.0
31105,0.121,294.0,2426.0
31107,0.09,543.0,6047.0
31109,0.073,19275.0,265340.0
31111,0.073,1904.0,26236.0
31113,0.071,37.0,520.0
31115,0.048,20.0,417.0
31117,0.055999999999999994,15.0,270.0
31119,0.092,2621.0,28500.0
31121,0.073,438.0,6000.0
31123,0.09,312.0,3471.0
31125,0.066,172.0,2598.0
31127,0.09699999999999999,511.0,5254.0
31129,0.09,262.0,2905.0
31131,0.073,936.0,12830.0
31133,0.09300000000000001,168.0,1799.0
31135,0.10800000000000001,232.0,2143.0
31137,0.07400000000000001,523.0,7098.0
31139,0.06,350.0,5867.0
31141,0.09,2499.0,27652.0
31143,0.08199999999999999,325.0,3959.0
31145,0.081,651.0,8052.0
31147,0.08,464.0,5773.0
31149,0.075,66.0,882.0
31151,0.115,1330.0,11525.0
31153,0.046,7916.0,171684.0
31155,0.053,1000.0,18801.0
31157,0.095,2629.0,27629.0
31159,0.067,901.0,13375.0
31161,0.109,392.0,3581.0
31163,0.077,166.0,2155.0
31165,0.062,48.0,777.0
31167,0.057,260.0,4523.0
31169,0.073,266.0,3646.0
31171,0.085,40.0,468.0
31173,0.073,353.0,4812.0
31175,0.09300000000000001,283.0,3027.0
31177,0.055,942.0,17192.0
31179,0.067,466.0,6961.0
31181,0.07,181.0,2569.0
31183,0.054000000000000006,30.0,551.0
31185,0.063,676.0,10646.0
32001,0.10300000000000001,2129.0,20661.0
32003,0.136,263702.0,1944574.0
32005,0.1,3373.0,33579.0
32007,0.102,4752.0,46364.0
32009,0.188,96.0,510.0
32011,0.069,105.0,1511.0
32013,0.12300000000000001,1768.0,14406.0
32015,0.113,541.0,4793.0
32017,0.11800000000000001,379.0,3224.0
32019,0.12300000000000001,5980.0,48430.0
32021,0.10800000000000001,342.0,3165.0
32023,0.10300000000000001,3790.0,36963.0
32027,0.10300000000000001,401.0,3890.0
32029,0.139,382.0,2758.0
32031,0.129,52211.0,406045.0
32033,0.08800000000000001,561.0,6370.0
32510,0.142,6210.0,43658.0
33001,0.069,3368.0,49078.0
33003,0.083,3008.0,36171.0
33005,0.059000000000000004,3412.0,57523.0
33007,0.077,1726.0,22491.0
33009,0.07,4611.0,65474.0
33011,0.066,23033.0,350220.0
33013,0.069,8227.0,119990.0
33015,0.049,12612.0,255910.0
33017,0.055999999999999994,5840.0,104093.0
33019,0.07,2348.0,33365.0
34001,0.087,18789.0,215788.0
34003,0.068,52500.0,771866.0
34005,0.05,18437.0,372285.0
34007,0.085,36563.0,432578.0
34009,0.077,5184.0,67019.0
34011,0.10300000000000001,12277.0,119069.0
34013,0.106,73992.0,695711.0
34015,0.05,12527.0,248598.0
34017,0.10400000000000001,62606.0,602433.0
34019,0.044000000000000004,4460.0,101257.0
34021,0.087,26336.0,301891.0
34023,0.073,50892.0,694547.0
34025,0.061,31531.0,517725.0
34027,0.053,22092.0,414066.0
34029,0.057999999999999996,28970.0,503770.0
34031,0.12300000000000001,52024.0,423184.0
34033,0.064,3363.0,52185.0
34035,0.053,14946.0,284384.0
34037,0.054000000000000006,6327.0,118195.0
34039,0.126,59908.0,475595.0
34041,0.06,5260.0,88356.0
35001,0.099,53218.0,539204.0
35003,0.075,161.0,2134.0
35005,0.11,5649.0,51545.0
35006,0.092,1610.0,17525.0
35007,0.102,829.0,8149.0
35009,0.111,4468.0,40191.0
35011,0.129,156.0,1208.0
35013,0.121,21864.0,180321.0
35015,0.107,5467.0,50907.0
35017,0.087,1635.0,18847.0
35019,0.086,239.0,2786.0
35021,0.106,40.0,377.0
35023,0.10800000000000001,322.0,2993.0
35025,0.133,8231.0,61735.0
35027,0.11800000000000001,1619.0,13718.0
35028,0.021,341.0,15866.0
35029,0.12300000000000001,2413.0,19632.0
35031,0.138,6598.0,47828.0
35033,0.064,181.0,2837.0
35035,0.09300000000000001,4854.0,52192.0
35037,0.102,624.0,6126.0
35039,0.091,2696.0,29688.0
35041,0.111,1665.0,15020.0
35043,0.079,9455.0,119431.0
35045,0.128,11337.0,88836.0
35047,0.086,1647.0,19098.0
35049,0.12,13318.0,110541.0
35051,0.091,650.0,7118.0
35053,0.10400000000000001,1196.0,11458.0
35055,0.113,2703.0,23848.0
35057,0.09,1039.0,11495.0
35059,0.121,319.0,2628.0
35061,0.10800000000000001,6668.0,61465.0
36001,0.045,11047.0,243516.0
36003,0.051,1640.0,32413.0
36005,0.073,83167.0,1137321.0
36007,0.052000000000000005,7719.0,147336.0
36009,0.066,3839.0,58312.0
36011,0.06,3427.0,56722.0
36013,0.057999999999999996,5530.0,95348.0
36015,0.048,3019.0,63063.0
36017,0.048,1708.0,35778.0
36019,0.051,3026.0,59250.0
36021,0.055,2457.0,44556.0
36023,0.047,1631.0,34863.0
36025,0.057,1778.0,31024.0
36027,0.047,10632.0,227881.0
36029,0.043,32293.0,743740.0
36031,0.054000000000000006,1417.0,26057.0
36033,0.061,2073.0,34194.0
36035,0.057999999999999996,2366.0,41052.0
36037,0.044000000000000004,1969.0,44827.0
36039,0.05,1738.0,34536.0
36041,0.086,289.0,3365.0
36043,0.047,2177.0,45870.0
36045,0.048,4441.0,92151.0
36047,0.065,138828.0,2142539.0
36049,0.054000000000000006,1128.0,21035.0
36051,0.043,1928.0,45309.0
36053,0.040999999999999995,2007.0,49190.0
36055,0.042,24517.0,589421.0
36057,0.05,1978.0,39673.0
36059,0.044000000000000004,48971.0,1112633.0
36061,0.047,59806.0,1263247.0
36063,0.044000000000000004,7329.0,164800.0
36065,0.045,7908.0,174716.0
36067,0.044000000000000004,16280.0,368324.0
36069,0.043,3659.0,85450.0
36071,0.055,18429.0,337079.0
36073,0.057,1725.0,30471.0
36075,0.05,4657.0,92236.0
36077,0.05,2033.0,40388.0
36079,0.044000000000000004,3487.0,78740.0
36081,0.087,159501.0,1830381.0
36083,0.044000000000000004,5486.0,125117.0
36085,0.05,19984.0,401968.0
36087,0.052000000000000005,14692.0,281474.0
36089,0.06,4682.0,77764.0
36091,0.037000000000000005,7101.0,189523.0
36093,0.045,5781.0,127183.0
36095,0.05,1085.0,21576.0
36097,0.055,744.0,13475.0
36099,0.06,1480.0,24505.0
36101,0.047,3428.0,72769.0
36103,0.057,69884.0,1231998.0
36105,0.061,3700.0,61109.0
36107,0.042,1538.0,36877.0
36109,0.047,3479.0,74134.0
36111,0.07,9607.0,137593.0
36113,0.049,2434.0,49293.0
36115,0.054000000000000006,2455.0,45633.0
36117,0.054000000000000006,3894.0,71907.0
36119,0.053,42115.0,793375.0
36121,0.046,1331.0,29012.0
36123,0.09699999999999999,1739.0,17985.0
37001,0.126,17569.0,139656.0
37003,0.11900000000000001,3317.0,27812.0
37005,0.17300000000000001,1356.0,7837.0
37007,0.125,1949.0,15633.0
37009,0.136,2648.0,19465.0
37011,0.157,1795.0,11434.0
37013,0.122,3974.0,32553.0
37015,0.11699999999999999,1307.0,11176.0
37017,0.14,3024.0,21644.0
37019,0.10300000000000001,10343.0,100898.0
37021,0.131,27643.0,210858.0
37023,0.135,8987.0,66694.0
37025,0.08800000000000001,17729.0,201606.0
37027,0.131,8211.0,62734.0
37029,0.094,875.0,9302.0
37031,0.12300000000000001,6159.0,50242.0
37033,0.125,1972.0,15803.0
37035,0.12,15622.0,130700.0
37037,0.115,6778.0,59177.0
37039,0.135,2696.0,20037.0
37041,0.115,1153.0,10064.0
37043,0.133,1024.0,7719.0
37045,0.11,8671.0,79106.0
37047,0.13699999999999998,5003.0,36435.0
37049,0.11,8447.0,76957.0
37051,0.106,29113.0,274252.0
37053,0.098,2536.0,25789.0
37055,0.11,3170.0,28757.0
37057,0.12300000000000001,16994.0,138043.0
37059,0.102,3510.0,34275.0
37061,0.157,6022.0,38443.0
37063,0.106,28260.0,266926.0
37065,0.111,4056.0,36539.0
37067,0.115,35601.0,309820.0
37069,0.127,7618.0,59799.0
37071,0.11199999999999999,21544.0,192128.0
37073,0.092,729.0,7943.0
37075,0.165,974.0,5918.0
37077,0.12,5654.0,47128.0
37079,0.179,2390.0,13356.0
37081,0.10099999999999999,43406.0,429895.0
37083,0.122,4247.0,34685.0
37085,0.11900000000000001,13834.0,116725.0
37087,0.122,5652.0,46492.0
37089,0.136,11712.0,86053.0
37091,0.11900000000000001,1581.0,13334.0
37093,0.11199999999999999,5138.0,46001.0
37095,0.18899999999999997,529.0,2802.0
37097,0.099,16078.0,162686.0
37099,0.157,4685.0,29852.0
37101,0.127,25321.0,199642.0
37103,0.136,935.0,6873.0
37105,0.138,7325.0,53193.0
37107,0.129,5330.0,41356.0
37109,0.10300000000000001,7737.0,74983.0
37111,0.136,4634.0,34130.0
37113,0.162,4332.0,26689.0
37115,0.10800000000000001,1720.0,15967.0
37117,0.126,1962.0,15518.0
37119,0.113,111337.0,983922.0
37121,0.114,1270.0,11188.0
37123,0.162,3133.0,19348.0
37125,0.102,8183.0,80293.0
37127,0.14,10421.0,74381.0
37129,0.109,20143.0,184903.0
37131,0.102,1161.0,11436.0
37133,0.095,15509.0,163928.0
37135,0.081,9489.0,116799.0
37137,0.125,973.0,7799.0
37139,0.099,3057.0,30908.0
37141,0.11699999999999999,6138.0,52584.0
37143,0.115,1075.0,9383.0
37145,0.109,3353.0,30713.0
37147,0.105,14810.0,141575.0
37149,0.12300000000000001,1657.0,13421.0
37151,0.134,15817.0,117915.0
37153,0.125,4139.0,33197.0
37155,0.152,12623.0,83061.0
37157,0.125,8942.0,71498.0
37159,0.114,13593.0,118744.0
37161,0.12300000000000001,6088.0,49590.0
37163,0.166,7772.0,46732.0
37165,0.111,2593.0,23406.0
37167,0.126,6340.0,50453.0
37169,0.10400000000000001,3605.0,34620.0
37171,0.134,7468.0,55847.0
37173,0.19399999999999998,2010.0,10351.0
37175,0.136,3008.0,22096.0
37177,0.157,379.0,2415.0
37179,0.105,22316.0,213498.0
37181,0.131,4265.0,32674.0
37183,0.085,86021.0,1006550.0
37185,0.15,1856.0,12345.0
37187,0.122,931.0,7618.0
37189,0.121,4626.0,38338.0
37191,0.136,12606.0,92458.0
37193,0.135,6720.0,49915.0
37195,0.129,7934.0,61466.0
37197,0.134,3938.0,29342.0
37199,0.128,1748.0,13693.0
38001,0.079,118.0,1493.0
38003,0.062,489.0,7843.0
38005,0.067,282.0,4240.0
38007,0.077,60.0,781.0
38009,0.079,366.0,4611.0
38011,0.095,207.0,2185.0
38013,0.075,124.0,1664.0
38015,0.059000000000000004,4597.0,78090.0
38017,0.07200000000000001,11535.0,160311.0
38019,0.059000000000000004,155.0,2606.0
38021,0.087,329.0,3781.0
38023,0.07400000000000001,120.0,1626.0
38025,0.10099999999999999,327.0,3230.0
38027,0.078,138.0,1761.0
38029,0.08199999999999999,189.0,2305.0
38031,0.079,202.0,2556.0
38033,0.07200000000000001,88.0,1220.0
38035,0.064,3774.0,58606.0
38037,0.06,92.0,1539.0
38039,0.062,96.0,1541.0
38041,0.079,139.0,1770.0
38043,0.075,132.0,1753.0
38045,0.099,293.0,2968.0
38047,0.062,84.0,1356.0
38049,0.055,222.0,4045.0
38051,0.08199999999999999,143.0,1741.0
38053,0.084,1036.0,12296.0
38055,0.073,521.0,7147.0
38057,0.066,426.0,6415.0
38059,0.067,1837.0,27547.0
38061,0.11800000000000001,887.0,7489.0
38063,0.068,147.0,2149.0
38065,0.055999999999999994,77.0,1374.0
38067,0.079,395.0,5015.0
38069,0.052000000000000005,150.0,2882.0
38071,0.076,658.0,8640.0
38073,0.073,321.0,4394.0
38075,0.07400000000000001,129.0,1751.0
38077,0.07200000000000001,897.0,12405.0
38079,0.10400000000000001,873.0,8366.0
38081,0.051,148.0,2904.0
38083,0.091,77.0,843.0
38085,0.07,192.0,2736.0
38087,0.062,29.0,471.0
38089,0.075,2088.0,27822.0
38091,0.057,75.0,1314.0
38093,0.067,1053.0,15739.0
38095,0.095,141.0,1484.0
38097,0.064,394.0,6118.0
38099,0.10800000000000001,870.0,8055.0
38101,0.065,3714.0,57457.0
38103,0.066,185.0,2807.0
38105,0.099,3350.0,33762.0
39001,0.08900000000000001,1973.0,22217.0
39003,0.068,5424.0,79576.0
39005,0.077,3140.0,40681.0
39007,0.094,7014.0,74952.0
39009,0.084,3821.0,45449.0
39011,0.054000000000000006,1989.0,36905.0
39013,0.073,3499.0,48231.0
39015,0.075,2647.0,35144.0
39017,0.066,20921.0,319316.0
39019,0.086,1777.0,20625.0
39021,0.066,2044.0,31162.0
39023,0.078,8268.0,106389.0
39025,0.062,10750.0,172083.0
39027,0.059000000000000004,1972.0,33258.0
39029,0.091,6927.0,75852.0
39031,0.099,2872.0,29079.0
39033,0.075,2435.0,32397.0
39035,0.07,68319.0,973794.0
39037,0.07400000000000001,3023.0,40791.0
39039,0.065,1975.0,30266.0
39041,0.04,7781.0,192491.0
39043,0.064,3625.0,56867.0
39045,0.061,8177.0,134039.0
39047,0.085,1991.0,23377.0
39049,0.08199999999999999,91985.0,1120170.0
39051,0.062,2110.0,33816.0
39053,0.083,1902.0,22840.0
39055,0.092,6820.0,74252.0
39057,0.053,7003.0,132536.0
39059,0.083,2509.0,30281.0
39061,0.062,41310.0,668066.0
39063,0.065,3870.0,59961.0
39065,0.085,2038.0,23844.0
39067,0.08800000000000001,972.0,11106.0
39069,0.06,1320.0,21986.0
39071,0.086,3012.0,34925.0
39073,0.085,1882.0,22247.0
39075,0.348,13088.0,37587.0
39077,0.08,3773.0,47341.0
39079,0.085,2259.0,26692.0
39081,0.065,3099.0,47925.0
39083,0.087,4177.0,48146.0
39085,0.062,11284.0,180557.0
39087,0.07,3165.0,45407.0
39089,0.06,8924.0,147748.0
39091,0.064,2366.0,37161.0
39093,0.073,18288.0,249305.0
39095,0.069,23855.0,344697.0
39097,0.071,2319.0,32537.0
39099,0.064,10858.0,170271.0
39101,0.068,3250.0,47779.0
39103,0.06,8908.0,147618.0
39105,0.08800000000000001,1518.0,17291.0
39107,0.066,2249.0,34005.0
39109,0.059000000000000004,5216.0,88933.0
39111,0.078,793.0,10121.0
39113,0.075,31932.0,423619.0
39115,0.08900000000000001,950.0,10728.0
39117,0.076,2177.0,28491.0
39119,0.068,4717.0,69416.0
39121,0.087,730.0,8435.0
39123,0.066,1923.0,28990.0
39125,0.08,1197.0,14992.0
39127,0.077,2220.0,28989.0
39129,0.067,3138.0,46824.0
39131,0.07200000000000001,1581.0,21985.0
39133,0.063,7959.0,127235.0
39135,0.06,1955.0,32328.0
39137,0.057999999999999996,1602.0,27827.0
39139,0.07200000000000001,6778.0,93680.0
39141,0.068,3953.0,58493.0
39143,0.061,2853.0,46647.0
39145,0.07400000000000001,4192.0,56324.0
39147,0.063,2673.0,42304.0
39149,0.069,2716.0,39087.0
39151,0.065,18934.0,293294.0
39153,0.066,28096.0,426672.0
39155,0.086,13193.0,153267.0
39157,0.086,6303.0,73042.0
39159,0.042,2368.0,55846.0
39161,0.06,1369.0,22879.0
39163,0.08900000000000001,899.0,10125.0
39165,0.044000000000000004,9229.0,208530.0
39167,0.075,3376.0,44828.0
39169,0.126,11549.0,91589.0
39171,0.068,1925.0,28443.0
39173,0.055,5804.0,106057.0
39175,0.059000000000000004,1014.0,17066.0
40001,0.162,2460.0,15166.0
40003,0.15,518.0,3461.0
40005,0.179,1770.0,9902.0
40007,0.2,807.0,4036.0
40009,0.155,2530.0,16320.0
40011,0.154,1027.0,6663.0
40013,0.174,6728.0,38609.0
40015,0.165,2927.0,17763.0
40017,0.10300000000000001,14841.0,144635.0
40019,0.16,6393.0,39936.0
40021,0.171,6194.0,36144.0
40023,0.154,1703.0,11058.0
40025,0.14800000000000002,251.0,1696.0
40027,0.11599999999999999,28519.0,245165.0
40029,0.192,794.0,4129.0
40031,0.127,12376.0,97497.0
40033,0.138,602.0,4355.0
40035,0.154,1609.0,10446.0
40037,0.13,7677.0,58948.0
40039,0.153,3473.0,22746.0
40041,0.175,5179.0,29536.0
40043,0.151,537.0,3564.0
40045,0.15,417.0,2772.0
40047,0.157,7957.0,50756.0
40049,0.163,3412.0,20920.0
40051,0.135,6165.0,45804.0
40053,0.139,445.0,3211.0
40055,0.124,471.0,3787.0
40057,0.17600000000000002,338.0,1918.0
40059,0.184,460.0,2502.0
40061,0.16399999999999998,1486.0,9039.0
40063,0.149,1355.0,9112.0
40065,0.141,2878.0,20367.0
40067,0.15,640.0,4267.0
40069,0.139,1105.0,7969.0
40071,0.141,4825.0,34224.0
40073,0.177,2242.0,12641.0
40075,0.139,915.0,6598.0
40077,0.145,1032.0,7140.0
40079,0.191,7298.0,38244.0
40081,0.155,4278.0,27595.0
40083,0.129,5415.0,41828.0
40085,0.163,1345.0,8236.0
40087,0.13699999999999998,5242.0,38218.0
40089,0.16399999999999998,4058.0,24751.0
40091,0.175,2463.0,14101.0
40093,0.16699999999999998,983.0,5902.0
40095,0.18600000000000003,2277.0,12240.0
40097,0.139,4329.0,31122.0
40099,0.16399999999999998,1719.0,10495.0
40101,0.152,7705.0,50734.0
40103,0.12300000000000001,1051.0,8538.0
40105,0.139,1043.0,7494.0
40107,0.151,1197.0,7942.0
40109,0.149,100497.0,675194.0
40111,0.15,4306.0,28721.0
40113,0.135,4632.0,34187.0
40115,0.161,3788.0,23555.0
40117,0.142,1763.0,12421.0
40119,0.14400000000000002,9119.0,63358.0
40121,0.155,5085.0,32704.0
40123,0.162,4937.0,30452.0
40125,0.141,8161.0,57773.0
40127,0.161,1285.0,7958.0
40129,0.131,333.0,2539.0
40131,0.126,10146.0,80704.0
40133,0.179,3267.0,18251.0
40135,0.165,5185.0,31349.0
40137,0.14400000000000002,4987.0,34573.0
40139,0.188,3296.0,17537.0
40141,0.175,964.0,5505.0
40143,0.142,80299.0,565843.0
40145,0.121,8662.0,71529.0
40147,0.125,5250.0,41941.0
40149,0.146,1262.0,8619.0
40151,0.126,781.0,6202.0
40153,0.16699999999999998,2584.0,15436.0
41001,0.073,865.0,11926.0
41003,0.057,4281.0,75002.0
41005,0.055999999999999994,19215.0,342104.0
41007,0.087,2704.0,31064.0
41009,0.069,2945.0,42828.0
41011,0.07400000000000001,3461.0,46484.0
41013,0.062,1210.0,19656.0
41015,0.081,1226.0,15089.0
41017,0.071,11563.0,163247.0
41019,0.069,5708.0,82363.0
41021,0.076,107.0,1402.0
41023,0.08199999999999999,402.0,4904.0
41025,0.078,426.0,5463.0
41027,0.115,2273.0,19722.0
41029,0.077,13038.0,169322.0
41031,0.081,1490.0,18466.0
41033,0.078,4948.0,63733.0
41035,0.08900000000000001,4795.0,53705.0
41037,0.1,578.0,5761.0
41039,0.079,23635.0,298310.0
41041,0.08800000000000001,2993.0,34179.0
41043,0.079,8318.0,104881.0
41045,0.1,2333.0,23388.0
41047,0.10300000000000001,28814.0,281031.0
41049,0.107,1078.0,10098.0
41051,0.071,47913.0,674195.0
41053,0.073,5199.0,71414.0
41055,0.071,103.0,1457.0
41057,0.08199999999999999,1591.0,19503.0
41059,0.08800000000000001,5517.0,62725.0
41061,0.073,1489.0,20299.0
41063,0.08,434.0,5397.0
41065,0.10300000000000001,2127.0,20561.0
41067,0.06,30965.0,512084.0
41069,0.092,82.0,895.0
41071,0.084,7061.0,83849.0
42001,0.07,5562.0,78976.0
42003,0.047,44941.0,955464.0
42005,0.055999999999999994,2746.0,49052.0
42007,0.049,6244.0,127289.0
42009,0.07400000000000001,2653.0,36018.0
42011,0.075,25740.0,343592.0
42013,0.063,5852.0,92574.0
42015,0.076,3500.0,46138.0
42017,0.053,26839.0,510580.0
42019,0.043,6471.0,151654.0
42021,0.051,4879.0,95616.0
42023,0.07200000000000001,224.0,3129.0
42025,0.068,3453.0,50451.0
42027,0.062,7130.0,114540.0
42029,0.057,25312.0,440356.0
42031,0.081,2249.0,27723.0
42033,0.064,3692.0,57492.0
42035,0.085,2451.0,28820.0
42037,0.06,2939.0,48767.0
42039,0.1,6146.0,61359.0
42041,0.053,10864.0,205123.0
42043,0.069,15989.0,231847.0
42045,0.054000000000000006,24441.0,453099.0
42047,0.06,1398.0,23111.0
42049,0.061,12659.0,206011.0
42051,0.065,6152.0,95139.0
42053,0.077,207.0,2681.0
42055,0.085,10579.0,124261.0
42057,0.061,684.0,11225.0
42059,0.064,1605.0,25057.0
42061,0.057999999999999996,1728.0,29545.0
42063,0.079,4798.0,60836.0
42065,0.085,2885.0,33840.0
42067,0.11599999999999999,2128.0,18304.0
42069,0.057999999999999996,9669.0,165982.0
42071,0.121,53259.0,438775.0
42073,0.068,4376.0,64194.0
42075,0.09699999999999999,10937.0,112779.0
42077,0.073,22156.0,304814.0
42079,0.067,16976.0,252871.0
42081,0.068,5863.0,85973.0
42083,0.061,1779.0,29368.0
42085,0.07,5609.0,79755.0
42087,0.114,4063.0,35666.0
42089,0.068,9029.0,132157.0
42091,0.043,29952.0,688674.0
42093,0.044000000000000004,611.0,13771.0
42095,0.057999999999999996,13945.0,241802.0
42097,0.067,4531.0,67964.0
42099,0.098,3586.0,36493.0
42101,0.077,97955.0,1267325.0
42103,0.068,3116.0,45741.0
42105,0.07,840.0,11973.0
42107,0.07200000000000001,7735.0,107932.0
42109,0.1,2931.0,29224.0
42111,0.076,3969.0,51989.0
42113,0.081,312.0,3866.0
42115,0.08900000000000001,2536.0,28387.0
42117,0.076,2303.0,30215.0
42119,0.08900000000000001,2458.0,27697.0
42121,0.065,2420.0,37198.0
42123,0.059000000000000004,1649.0,28162.0
42125,0.055999999999999994,8978.0,161745.0
42127,0.07400000000000001,2629.0,35680.0
42129,0.047,12510.0,263817.0
42131,0.052000000000000005,1014.0,19611.0
42133,0.057,21211.0,370184.0
44001,0.036000000000000004,1337.0,37635.0
44003,0.04,5405.0,136707.0
44005,0.038,2308.0,60992.0
44007,0.061,32041.0,527810.0
44009,0.037000000000000005,3472.0,94717.0
45001,0.11599999999999999,2073.0,17923.0
45003,0.107,14391.0,135061.0
45005,0.136,648.0,4751.0
45007,0.115,19408.0,168107.0
45009,0.139,1248.0,8958.0
45011,0.127,1981.0,15647.0
45013,0.11,14556.0,132112.0
45015,0.09699999999999999,19671.0,203441.0
45017,0.107,1119.0,10467.0
45019,0.09699999999999999,32423.0,335178.0
45021,0.115,5170.0,44981.0
45023,0.11,2764.0,25163.0
45025,0.124,4273.0,34393.0
45027,0.128,2754.0,21478.0
45029,0.135,4044.0,29957.0
45031,0.11199999999999999,5393.0,48176.0
45033,0.132,2883.0,21870.0
45035,0.10400000000000001,14422.0,138796.0
45037,0.125,2399.0,19121.0
45039,0.098,1471.0,14967.0
45041,0.105,11372.0,107888.0
45043,0.11800000000000001,5182.0,43777.0
45045,0.10400000000000001,46580.0,447092.0
45047,0.11599999999999999,6069.0,52517.0
45049,0.134,1731.0,12895.0
45051,0.147,40248.0,274062.0
45053,0.159,3618.0,22787.0
45055,0.10099999999999999,5503.0,54305.0
45057,0.096,7666.0,80196.0
45059,0.127,6742.0,52972.0
45061,0.115,1274.0,11122.0
45063,0.10400000000000001,26036.0,251139.0
45065,0.09699999999999999,501.0,5174.0
45067,0.124,2666.0,21458.0
45069,0.11699999999999999,2082.0,17800.0
45071,0.121,3461.0,28687.0
45073,0.133,7981.0,59993.0
45075,0.111,6630.0,59986.0
45077,0.11599999999999999,11801.0,102031.0
45079,0.096,31804.0,331038.0
45081,0.141,2068.0,14718.0
45083,0.12300000000000001,34559.0,281607.0
45085,0.106,8690.0,81810.0
45087,0.113,2320.0,20514.0
45089,0.11,2312.0,21062.0
45091,0.08900000000000001,21792.0,245632.0
46003,0.11,235.0,2129.0
46005,0.129,2017.0,15608.0
46007,0.142,351.0,2465.0
46009,0.091,393.0,4324.0
46011,0.077,2127.0,27751.0
46013,0.099,2990.0,30192.0
46015,0.134,557.0,4143.0
46017,0.128,174.0,1355.0
46019,0.14300000000000002,1224.0,8566.0
46021,0.1,92.0,917.0
46023,0.155,1068.0,6874.0
46025,0.094,278.0,2955.0
46027,0.10099999999999999,1114.0,11030.0
46029,0.10400000000000001,2398.0,22970.0
46031,0.10300000000000001,293.0,2845.0
46033,0.13,780.0,5996.0
46035,0.11,1721.0,15621.0
46037,0.125,491.0,3917.0
46039,0.096,323.0,3367.0
46041,0.17600000000000002,679.0,3855.0
46043,0.128,266.0,2077.0
46045,0.095,296.0,3114.0
46047,0.128,636.0,4974.0
46049,0.107,166.0,1556.0
46051,0.10400000000000001,584.0,5611.0
46053,0.151,437.0,2887.0
46055,0.10400000000000001,139.0,1341.0
46057,0.11800000000000001,637.0,5401.0
46059,0.10300000000000001,239.0,2329.0
46061,0.08800000000000001,256.0,2906.0
46063,0.113,117.0,1036.0
46065,0.076,1026.0,13507.0
46067,0.091,518.0,5690.0
46069,0.087,76.0,871.0
46071,0.162,349.0,2157.0
46073,0.08800000000000001,102.0,1160.0
46075,0.09,58.0,646.0
46077,0.1,404.0,4051.0
46079,0.095,741.0,7791.0
46081,0.11199999999999999,2219.0,19866.0
46083,0.066,3996.0,60867.0
46085,0.142,383.0,2705.0
46087,0.11,515.0,4674.0
46089,0.08,133.0,1658.0
46091,0.105,348.0,3323.0
46093,0.086,2107.0,24587.0
46095,0.14400000000000002,200.0,1390.0
46097,0.106,186.0,1753.0
46099,0.092,15880.0,172062.0
46101,0.11800000000000001,580.0,4924.0
46102,0.13699999999999998,1285.0,9380.0
46103,0.10800000000000001,9456.0,87925.0
46105,0.11699999999999999,238.0,2037.0
46107,0.083,146.0,1756.0
46109,0.14800000000000002,1070.0,7220.0
46111,0.10800000000000001,203.0,1875.0
46115,0.11,519.0,4720.0
46117,0.10300000000000001,236.0,2301.0
46119,0.065,70.0,1075.0
46121,0.131,881.0,6702.0
46123,0.162,650.0,4021.0
46125,0.09699999999999999,671.0,6926.0
46127,0.07400000000000001,1026.0,13838.0
46129,0.12300000000000001,470.0,3825.0
46135,0.10099999999999999,1715.0,17037.0
46137,0.11900000000000001,214.0,1804.0
47001,0.10800000000000001,6751.0,62662.0
47003,0.129,5586.0,43260.0
47005,0.131,1576.0,12005.0
47007,0.161,1581.0,9814.0
47009,0.113,12341.0,109636.0
47011,0.11199999999999999,10032.0,89336.0
47013,0.121,3775.0,31075.0
47015,0.127,1530.0,12061.0
47017,0.095,2063.0,21691.0
47019,0.134,5709.0,42545.0
47021,0.11900000000000001,4165.0,35037.0
47023,0.114,1526.0,13389.0
47025,0.115,2840.0,24595.0
47027,0.126,711.0,5640.0
47029,0.128,3651.0,28526.0
47031,0.111,5450.0,48920.0
47033,0.132,1471.0,11148.0
47035,0.129,5514.0,42733.0
47037,0.127,75008.0,589686.0
47039,0.11599999999999999,1017.0,8777.0
47041,0.13699999999999998,2326.0,16926.0
47043,0.114,5243.0,46055.0
47045,0.106,3120.0,29406.0
47047,0.099,3252.0,32988.0
47049,0.128,1875.0,14675.0
47051,0.10300000000000001,3377.0,32920.0
47053,0.11800000000000001,4880.0,41256.0
47055,0.11,2597.0,23712.0
47057,0.11599999999999999,2196.0,18922.0
47059,0.12,6443.0,53753.0
47061,0.13699999999999998,1478.0,10821.0
47063,0.133,7051.0,53204.0
47065,0.10800000000000001,32251.0,298869.0
47067,0.105,539.0,5124.0
47069,0.105,1757.0,16778.0
47071,0.127,2596.0,20424.0
47073,0.11199999999999999,5030.0,44967.0
47075,0.11900000000000001,1581.0,13301.0
47077,0.11599999999999999,2586.0,22384.0
47079,0.11599999999999999,2827.0,24393.0
47081,0.132,2607.0,19679.0
47083,0.13,842.0,6485.0
47085,0.125,1858.0,14858.0
47087,0.138,1255.0,9068.0
47089,0.12,5265.0,43999.0
47091,0.133,1637.0,12289.0
47093,0.098,39550.0,405209.0
47095,0.138,517.0,3741.0
47097,0.11599999999999999,2136.0,18435.0
47099,0.131,4874.0,37224.0
47101,0.14400000000000002,1458.0,10130.0
47103,0.111,3170.0,28586.0
47105,0.11199999999999999,4706.0,42024.0
47107,0.121,5231.0,43065.0
47109,0.13,2655.0,20381.0
47111,0.14300000000000002,3089.0,21670.0
47113,0.10800000000000001,8229.0,76099.0
47115,0.11900000000000001,2706.0,22810.0
47117,0.107,3194.0,29878.0
47119,0.099,8822.0,88937.0
47121,0.10800000000000001,1115.0,10356.0
47123,0.11800000000000001,4371.0,36944.0
47125,0.094,19561.0,207981.0
47127,0.098,516.0,5270.0
47129,0.125,1918.0,15350.0
47131,0.13,3072.0,23718.0
47133,0.124,2261.0,18197.0
47135,0.14400000000000002,974.0,6758.0
47137,0.168,614.0,3654.0
47139,0.129,1794.0,13920.0
47141,0.11199999999999999,7354.0,65881.0
47143,0.132,3535.0,26764.0
47145,0.08900000000000001,3733.0,42167.0
47147,0.11599999999999999,7389.0,63530.0
47149,0.1,31605.0,316571.0
47151,0.134,2392.0,17869.0
47153,0.149,1934.0,12957.0
47155,0.152,11809.0,77747.0
47157,0.114,85214.0,748368.0
47159,0.11900000000000001,2016.0,16933.0
47161,0.124,1373.0,11053.0
47163,0.105,13008.0,123859.0
47165,0.096,16252.0,169907.0
47167,0.096,4908.0,51043.0
47169,0.092,750.0,8131.0
47171,0.10800000000000001,1435.0,13299.0
47173,0.128,2109.0,16457.0
47175,0.111,534.0,4799.0
47177,0.147,5028.0,34096.0
47179,0.12,12720.0,106270.0
47181,0.113,1250.0,11102.0
47183,0.11599999999999999,2898.0,24993.0
47185,0.141,3115.0,22149.0
47187,0.057,12759.0,225487.0
47189,0.087,11620.0,133199.0
48001,0.177,6314.0,35754.0
48003,0.22899999999999998,3747.0,16383.0
48005,0.196,13772.0,70139.0
48007,0.20600000000000002,3643.0,17683.0
48009,0.16699999999999998,1166.0,6964.0
48011,0.11599999999999999,165.0,1428.0
48013,0.20199999999999999,8671.0,42915.0
48015,0.191,4646.0,24347.0
48017,0.266,1485.0,5586.0
48019,0.195,3032.0,15585.0
48021,0.20800000000000002,18163.0,87480.0
48023,0.166,441.0,2662.0
48025,0.16,3061.0,19118.0
48027,0.16399999999999998,54731.0,333311.0
48029,0.18,315888.0,1758399.0
48031,0.182,1656.0,9096.0
48033,0.132,60.0,454.0
48035,0.203,2835.0,13943.0
48037,0.163,11546.0,70816.0
48039,0.149,49082.0,328713.0
48041,0.157,30835.0,196586.0
48043,0.22699999999999998,1491.0,6575.0
48045,0.215,237.0,1104.0
48047,0.179,936.0,5227.0
48049,0.17800000000000002,5177.0,29155.0
48051,0.21100000000000002,3079.0,14607.0
48053,0.195,7667.0,39260.0
48055,0.228,8810.0,38717.0
48057,0.168,2623.0,15650.0
48059,0.17800000000000002,1989.0,11153.0
48061,0.252,90076.0,357201.0
48063,0.20199999999999999,2067.0,10237.0
48065,0.152,695.0,4587.0
48067,0.17600000000000002,3867.0,21926.0
48069,0.253,1502.0,5938.0
48071,0.14,6300.0,45058.0
48073,0.196,7840.0,40093.0
48075,0.184,819.0,4453.0
48077,0.161,1289.0,7996.0
48079,0.235,493.0,2099.0
48081,0.182,449.0,2469.0
48083,0.21600000000000003,1254.0,5805.0
48085,0.106,107877.0,1014918.0
48087,0.26,536.0,2063.0
48089,0.226,3560.0,15785.0
48091,0.133,20078.0,150753.0
48093,0.21899999999999997,2308.0,10553.0
48095,0.165,277.0,1678.0
48097,0.184,6255.0,34017.0
48099,0.147,9248.0,62937.0
48101,0.16699999999999998,162.0,970.0
48103,0.23199999999999998,911.0,3926.0
48105,0.267,629.0,2356.0
48107,0.22,888.0,4035.0
48109,0.23199999999999998,389.0,1677.0
48111,0.28,1767.0,6317.0
48113,0.23600000000000002,528378.0,2240144.0
48115,0.221,1946.0,8802.0
48117,0.22699999999999998,3586.0,15779.0
48119,0.13699999999999998,586.0,4289.0
48121,0.115,98928.0,856564.0
48123,0.188,2715.0,14405.0
48125,0.18899999999999997,235.0,1243.0
48127,0.19399999999999998,1313.0,6752.0
48129,0.215,475.0,2212.0
48131,0.18,1299.0,7233.0
48133,0.20199999999999999,2702.0,13394.0
48135,0.218,31020.0,142455.0
48137,0.294,291.0,989.0
48139,0.165,30152.0,182316.0
48141,0.235,172459.0,735132.0
48143,0.20600000000000002,6986.0,33968.0
48145,0.183,2162.0,11811.0
48147,0.166,4614.0,27812.0
48149,0.19,3427.0,18061.0
48151,0.158,432.0,2738.0
48153,0.249,1050.0,4222.0
48155,0.183,143.0,783.0
48157,0.124,94620.0,765835.0
48159,0.146,1197.0,8180.0
48161,0.18899999999999997,2712.0,14324.0
48163,0.21899999999999997,2819.0,12895.0
48165,0.32,6376.0,19932.0
48167,0.158,46902.0,296212.0
48169,0.222,748.0,3372.0
48171,0.247,4718.0,19111.0
48173,0.17300000000000001,175.0,1009.0
48175,0.165,883.0,5353.0
48177,0.226,3641.0,16088.0
48179,0.215,3445.0,16011.0
48181,0.185,21447.0,115913.0
48183,0.19899999999999998,20314.0,102258.0
48185,0.19699999999999998,4456.0,22609.0
48187,0.138,21281.0,154694.0
48189,0.223,5664.0,25390.0
48191,0.251,531.0,2113.0
48193,0.223,1370.0,6152.0
48195,0.271,1173.0,4327.0
48197,0.19899999999999998,545.0,2745.0
48199,0.166,7877.0,47566.0
48201,0.222,916764.0,4131707.0
48203,0.174,9549.0,54812.0
48205,0.16699999999999998,588.0,3529.0
48207,0.23600000000000002,877.0,3718.0
48209,0.138,31843.0,230576.0
48211,0.20800000000000002,544.0,2614.0
48213,0.22399999999999998,14439.0,64601.0
48215,0.302,231972.0,766992.0
48217,0.196,5737.0,29272.0
48219,0.225,3965.0,17637.0
48221,0.166,8136.0,49114.0
48223,0.203,6200.0,30508.0
48225,0.198,2864.0,14487.0
48227,0.198,4814.0,24266.0
48229,0.256,530.0,2068.0
48231,0.18899999999999997,16703.0,88373.0
48233,0.16399999999999998,2690.0,16426.0
48235,0.205,251.0,1224.0
48237,0.223,1423.0,6381.0
48239,0.198,2363.0,11932.0
48241,0.20199999999999999,5086.0,25141.0
48243,0.222,246.0,1110.0
48245,0.205,40156.0,195900.0
48247,0.214,822.0,3837.0
48249,0.19,6097.0,32105.0
48251,0.183,30189.0,165259.0
48253,0.179,2090.0,11688.0
48255,0.183,1786.0,9740.0
48257,0.168,25521.0,151704.0
48259,0.153,5968.0,39087.0
48261,0.377,104.0,276.0
48263,0.113,63.0,558.0
48265,0.19,7081.0,37205.0
48267,0.21600000000000003,664.0,3077.0
48269,0.203,40.0,197.0
48271,0.129,249.0,1934.0
48273,0.191,4752.0,24855.0
48275,0.209,541.0,2585.0
48277,0.182,7326.0,40279.0
48279,0.23,2391.0,10379.0
48281,0.175,3169.0,18094.0
48283,0.223,947.0,4238.0
48285,0.15,2333.0,15601.0
48287,0.203,2851.0,14032.0
48289,0.218,2645.0,12144.0
48291,0.226,19083.0,84516.0
48293,0.198,3295.0,16676.0
48295,0.217,486.0,2241.0
48297,0.213,1611.0,7549.0
48299,0.196,2783.0,14165.0
48301,0.022000000000000002,1.0,45.0
48303,0.163,43177.0,265615.0
48305,0.16699999999999998,798.0,4769.0
48307,0.223,1250.0,5599.0
48309,0.185,40209.0,217044.0
48311,0.159,71.0,446.0
48313,0.243,2279.0,9377.0
48315,0.16699999999999998,1150.0,6868.0
48317,0.21100000000000002,967.0,4585.0
48319,0.24,661.0,2759.0
48321,0.21600000000000003,6320.0,29231.0
48323,0.263,13101.0,49887.0
48325,0.16699999999999998,7045.0,42208.0
48327,0.258,345.0,1337.0
48329,0.18899999999999997,28800.0,152762.0
48331,0.193,3832.0,19879.0
48333,0.21600000000000003,682.0,3154.0
48335,0.16699999999999998,915.0,5489.0
48337,0.209,3431.0,16388.0
48339,0.155,89936.0,581109.0
48341,0.261,4765.0,18241.0
48343,0.16699999999999998,1554.0,9301.0
48345,0.165,119.0,723.0
48347,0.192,9625.0,50232.0
48349,0.187,8281.0,44263.0
48351,0.204,1870.0,9149.0
48353,0.18899999999999997,2193.0,11583.0
48355,0.19399999999999998,56276.0,289726.0
48357,0.281,2330.0,8295.0
48359,0.156,201.0,1290.0
48361,0.146,10382.0,70920.0
48363,0.207,4791.0,23144.0
48365,0.182,3245.0,17829.0
48367,0.157,21856.0,139345.0
48369,0.244,1969.0,8086.0
48371,0.22399999999999998,2436.0,10853.0
48373,0.19,7495.0,39505.0
48375,0.22899999999999998,21206.0,92649.0
48377,0.335,1488.0,4436.0
48379,0.217,2077.0,9590.0
48381,0.13,15728.0,121323.0
48383,0.209,578.0,2761.0
48385,0.207,401.0,1941.0
48387,0.191,1632.0,8542.0
48389,0.22,2125.0,9660.0
48391,0.185,946.0,5103.0
48393,0.12300000000000001,77.0,624.0
48395,0.174,2327.0,13377.0
48397,0.11199999999999999,12023.0,107659.0
48399,0.207,1605.0,7744.0
48401,0.19,7371.0,38808.0
48403,0.193,1343.0,6963.0
48405,0.196,1107.0,5645.0
48407,0.20199999999999999,4353.0,21585.0
48409,0.18899999999999997,11131.0,58837.0
48411,0.272,1053.0,3867.0
48413,0.231,424.0,1834.0
48415,0.209,2663.0,12757.0
48417,0.205,515.0,2510.0
48419,0.22399999999999998,4346.0,19372.0
48421,0.273,640.0,2341.0
48423,0.18600000000000003,36195.0,194929.0
48425,0.16399999999999998,1281.0,7814.0
48427,0.25,14273.0,57097.0
48429,0.207,1361.0,6560.0
48431,0.142,172.0,1214.0
48433,0.16399999999999998,141.0,862.0
48435,0.213,544.0,2552.0
48437,0.281,1423.0,5072.0
48439,0.182,337288.0,1856916.0
48441,0.187,22214.0,119003.0
48443,0.191,88.0,460.0
48445,0.23600000000000002,2140.0,9071.0
48447,0.19399999999999998,223.0,1152.0
48449,0.242,6323.0,26154.0
48451,0.18100000000000002,17370.0,96155.0
48453,0.128,148861.0,1163836.0
48455,0.17600000000000002,1795.0,10218.0
48457,0.191,2596.0,13558.0
48459,0.175,5991.0,34281.0
48461,0.19699999999999998,507.0,2580.0
48463,0.22899999999999998,4597.0,20053.0
48465,0.214,8356.0,38958.0
48467,0.192,9597.0,49893.0
48469,0.191,14255.0,74520.0
48471,0.18600000000000003,9083.0,48774.0
48473,0.183,8810.0,48245.0
48475,0.233,2185.0,9366.0
48477,0.163,4194.0,25719.0
48479,0.271,63395.0,234193.0
48481,0.20600000000000002,6969.0,33770.0
48483,0.257,963.0,3751.0
48485,0.168,16720.0,99688.0
48487,0.209,2075.0,9919.0
48489,0.21600000000000003,3134.0,14511.0
48491,0.10400000000000001,60940.0,584305.0
48493,0.15,6556.0,43784.0
48495,0.19699999999999998,1238.0,6281.0
48497,0.179,11243.0,62735.0
48499,0.198,6464.0,32609.0
48501,0.266,1733.0,6504.0
48503,0.21100000000000002,2993.0,14162.0
48505,0.237,2778.0,11733.0
48507,0.171,1344.0,7842.0
49001,0.12300000000000001,715.0,5797.0
49003,0.079,4213.0,53404.0
49005,0.081,9840.0,122115.0
49007,0.09,1470.0,16424.0
49009,0.069,51.0,744.0
49011,0.06,19966.0,330181.0
49013,0.115,1978.0,17219.0
49015,0.10099999999999999,834.0,8241.0
49017,0.107,416.0,3897.0
49019,0.132,1006.0,7634.0
49021,0.11199999999999999,5860.0,52339.0
49023,0.09699999999999999,1070.0,11006.0
49025,0.10400000000000001,635.0,6094.0
49027,0.124,1344.0,10861.0
49029,0.061,692.0,11321.0
49031,0.11900000000000001,124.0,1040.0
49033,0.114,239.0,2090.0
49035,0.10400000000000001,107811.0,1037048.0
49037,0.135,1408.0,10421.0
49039,0.111,2513.0,22545.0
49041,0.11699999999999999,2105.0,17935.0
49043,0.08900000000000001,3274.0,36761.0
49045,0.077,5577.0,72303.0
49047,0.122,3889.0,31925.0
49049,0.08,51194.0,636394.0
49051,0.083,2633.0,31604.0
49053,0.11699999999999999,17723.0,151603.0
49055,0.15,304.0,2030.0
49057,0.09,21029.0,234874.0
50001,0.044000000000000004,1168.0,26427.0
50003,0.052000000000000005,1427.0,27366.0
50005,0.053,1229.0,23010.0
50007,0.044000000000000004,5832.0,133896.0
50009,0.052000000000000005,226.0,4314.0
50011,0.049,2028.0,41447.0
50013,0.052000000000000005,300.0,5801.0
50015,0.057999999999999996,1200.0,20787.0
50017,0.049,1094.0,22372.0
50019,0.053,1088.0,20453.0
50021,0.053,2345.0,44395.0
50023,0.046,2123.0,45781.0
50025,0.053,1749.0,32968.0
50027,0.051,2209.0,43056.0
51001,0.109,2618.0,23922.0
51003,0.065,5551.0,84821.0
51005,0.065,702.0,10847.0
51007,0.105,1105.0,10533.0
51009,0.078,1864.0,23943.0
51011,0.08800000000000001,1157.0,13140.0
51013,0.048,9897.0,205835.0
51015,0.07400000000000001,4250.0,57636.0
51017,0.068,194.0,2841.0
51019,0.076,4706.0,61959.0
51021,0.067,265.0,3959.0
51023,0.053,1358.0,25736.0
51025,0.094,960.0,10159.0
51027,0.099,1325.0,13419.0
51029,0.10300000000000001,1173.0,11390.0
51031,0.07400000000000001,3158.0,42619.0
51033,0.08,2073.0,25915.0
51035,0.099,2120.0,21474.0
51036,0.114,539.0,4714.0
51037,0.085,741.0,8681.0
51041,0.07,21750.0,310817.0
51043,0.078,919.0,11739.0
51045,0.077,282.0,3649.0
51047,0.08900000000000001,3911.0,43996.0
51049,0.076,562.0,7363.0
51051,0.085,847.0,9997.0
51053,0.071,1587.0,22207.0
51057,0.099,785.0,7960.0
51059,0.076,73301.0,963320.0
51061,0.07,4355.0,61862.0
51063,0.076,898.0,11796.0
51065,0.059000000000000004,1235.0,20971.0
51067,0.079,3162.0,40247.0
51069,0.08199999999999999,6272.0,76450.0
51071,0.071,912.0,12774.0
51073,0.08,2501.0,31278.0
51075,0.039,742.0,18821.0
51077,0.07200000000000001,752.0,10427.0
51079,0.08800000000000001,1502.0,17082.0
51081,0.059000000000000004,351.0,5997.0
51083,0.08800000000000001,2133.0,24289.0
51085,0.055999999999999994,4998.0,89877.0
51087,0.068,18502.0,272794.0
51089,0.084,3083.0,36656.0
51091,0.084,120.0,1426.0
51093,0.062,1988.0,31991.0
51095,0.06,3511.0,58867.0
51097,0.095,483.0,5097.0
51099,0.064,1511.0,23767.0
51101,0.071,1082.0,15265.0
51103,0.10300000000000001,666.0,6477.0
51105,0.083,1272.0,15327.0
51107,0.055999999999999994,21644.0,387218.0
51109,0.08199999999999999,2599.0,31571.0
51111,0.10800000000000001,887.0,8200.0
51113,0.094,1003.0,10658.0
51115,0.07200000000000001,412.0,5729.0
51117,0.094,2015.0,21434.0
51119,0.11199999999999999,801.0,7153.0
51121,0.061,4539.0,74871.0
51125,0.122,1256.0,10325.0
51127,0.075,1485.0,19853.0
51131,0.099,812.0,8199.0
51133,0.098,751.0,7669.0
51135,0.094,1016.0,10846.0
51137,0.079,2379.0,30160.0
51139,0.09,1653.0,18379.0
51141,0.08199999999999999,1027.0,12512.0
51143,0.087,3788.0,43498.0
51145,0.063,1534.0,24256.0
51147,0.084,1174.0,13979.0
51149,0.064,1779.0,27689.0
51153,0.099,42752.0,430386.0
51155,0.065,1609.0,24867.0
51157,0.096,512.0,5350.0
51159,0.096,548.0,5700.0
51161,0.065,4814.0,73788.0
51163,0.073,1160.0,15968.0
51165,0.09300000000000001,6140.0,66337.0
51167,0.08199999999999999,1578.0,19281.0
51169,0.07200000000000001,1106.0,15375.0
51171,0.086,2990.0,34793.0
51173,0.079,1768.0,22333.0
51175,0.068,859.0,12545.0
51177,0.08,9934.0,124378.0
51179,0.06,8504.0,141977.0
51181,0.065,313.0,4810.0
51183,0.079,508.0,6449.0
51185,0.08,2302.0,28872.0
51187,0.086,2888.0,33558.0
51191,0.073,2833.0,38893.0
51193,0.099,1337.0,13551.0
51195,0.083,2140.0,25898.0
51197,0.07200000000000001,1575.0,21765.0
51199,0.06,3501.0,57875.0
51510,0.081,10860.0,134474.0
51520,0.079,1025.0,12923.0
51530,0.073,352.0,4834.0
51540,0.08,2952.0,37026.0
51550,0.068,14428.0,211455.0
51570,0.07,1038.0,14736.0
51580,0.069,311.0,4502.0
51590,0.084,2628.0,31382.0
51595,0.084,355.0,4202.0
51600,0.08800000000000001,1857.0,21181.0
51610,0.039,480.0,12456.0
51620,0.07200000000000001,462.0,6455.0
51630,0.087,2021.0,23224.0
51640,0.099,549.0,5524.0
51650,0.061,6695.0,110115.0
51660,0.132,5158.0,39164.0
51670,0.07400000000000001,1397.0,18845.0
51678,0.04,151.0,3757.0
51680,0.07,4069.0,57811.0
51683,0.14,5255.0,37636.0
51685,0.141,2097.0,14923.0
51690,0.078,850.0,10903.0
51700,0.071,10581.0,148533.0
51710,0.081,14608.0,179265.0
51720,0.059000000000000004,174.0,2938.0
51730,0.075,1996.0,26441.0
51735,0.05,505.0,10185.0
51740,0.07,5494.0,78002.0
51750,0.059000000000000004,699.0,11825.0
51760,0.086,15679.0,183126.0
51770,0.085,6690.0,78560.0
51775,0.055,1040.0,18810.0
51790,0.07200000000000001,1419.0,19643.0
51800,0.064,5184.0,81390.0
51810,0.07200000000000001,27259.0,377801.0
51820,0.08800000000000001,1632.0,18548.0
51830,0.078,650.0,8305.0
51840,0.105,2337.0,22152.0
53001,0.132,2381.0,18074.0
53003,0.068,1130.0,16651.0
53005,0.083,14793.0,178248.0
53007,0.128,7995.0,62450.0
53009,0.09300000000000001,4825.0,51920.0
53011,0.069,29756.0,432015.0
53013,0.076,218.0,2854.0
53015,0.075,6714.0,89739.0
53017,0.13,4630.0,35617.0
53019,0.08900000000000001,448.0,5051.0
53021,0.134,11462.0,85388.0
53023,0.07,121.0,1727.0
53025,0.13,11031.0,85138.0
53027,0.099,5581.0,56582.0
53029,0.067,4184.0,62306.0
53031,0.079,1561.0,19756.0
53033,0.057,111216.0,1940402.0
53035,0.071,15437.0,218308.0
53037,0.084,3094.0,36987.0
53039,0.09699999999999999,1669.0,17289.0
53041,0.09,6047.0,66908.0
53043,0.079,679.0,8553.0
53045,0.105,5205.0,49806.0
53047,0.157,5025.0,31932.0
53049,0.099,1579.0,15878.0
53051,0.077,790.0,10225.0
53053,0.066,52009.0,785147.0
53055,0.099,1184.0,11970.0
53057,0.085,8643.0,101194.0
53059,0.068,644.0,9437.0
53061,0.067,48345.0,717195.0
53063,0.062,27701.0,447194.0
53065,0.078,2774.0,35595.0
53067,0.067,16367.0,243184.0
53069,0.09300000000000001,290.0,3127.0
53071,0.085,3893.0,45572.0
53073,0.078,14275.0,183586.0
53075,0.067,2465.0,37016.0
53077,0.139,29775.0,214013.0
54001,0.076,881.0,11631.0
54003,0.07200000000000001,7842.0,109229.0
54005,0.069,1118.0,16228.0
54007,0.08199999999999999,723.0,8848.0
54009,0.057,895.0,15814.0
54011,0.078,5610.0,71818.0
54013,0.075,338.0,4492.0
54015,0.07200000000000001,441.0,6089.0
54017,0.077,375.0,4893.0
54019,0.078,2291.0,29324.0
54021,0.091,403.0,4447.0
54023,0.086,707.0,8225.0
54025,0.086,2096.0,24450.0
54027,0.08199999999999999,1430.0,17423.0
54029,0.071,1516.0,21370.0
54031,0.08,877.0,10921.0
54033,0.077,3939.0,51289.0
54035,0.071,1548.0,21837.0
54037,0.064,3083.0,47860.0
54039,0.075,10204.0,135770.0
54041,0.07200000000000001,948.0,13214.0
54043,0.07200000000000001,1137.0,15729.0
54045,0.084,1994.0,23830.0
54047,0.10400000000000001,1252.0,12008.0
54049,0.07,3059.0,43710.0
54051,0.063,1379.0,21997.0
54053,0.064,1208.0,18752.0
54055,0.079,3555.0,44777.0
54057,0.054000000000000006,1096.0,20433.0
54059,0.095,1702.0,17869.0
54061,0.062,5313.0,85483.0
54063,0.081,741.0,9154.0
54065,0.076,988.0,13047.0
54067,0.079,1455.0,18511.0
54069,0.066,2004.0,30584.0
54071,0.092,394.0,4284.0
54073,0.057999999999999996,316.0,5495.0
54075,0.099,534.0,5416.0
54077,0.084,2004.0,23845.0
54079,0.06,2712.0,45518.0
54081,0.079,4253.0,54143.0
54083,0.07400000000000001,1423.0,19196.0
54085,0.085,538.0,6316.0
54087,0.09,952.0,10620.0
54089,0.083,635.0,7675.0
54091,0.075,935.0,12504.0
54093,0.09300000000000001,435.0,4680.0
54095,0.055999999999999994,344.0,6149.0
54097,0.07400000000000001,1314.0,17668.0
54099,0.079,2329.0,29404.0
54101,0.07400000000000001,450.0,6091.0
54103,0.063,685.0,10807.0
54105,0.07200000000000001,283.0,3936.0
54107,0.078,5089.0,65098.0
54109,0.092,1457.0,15785.0
55001,0.085,1134.0,13334.0
55003,0.07400000000000001,877.0,11880.0
55005,0.075,2653.0,35564.0
55007,0.081,908.0,11272.0
55009,0.066,14534.0,219740.0
55011,0.064,649.0,10196.0
55013,0.075,865.0,11465.0
55015,0.042,1826.0,43541.0
55017,0.064,3338.0,51818.0
55019,0.2,5694.0,28424.0
55021,0.061,2819.0,46068.0
55023,0.07,805.0,11442.0
55025,0.046,21519.0,471465.0
55027,0.059000000000000004,4000.0,67380.0
55029,0.073,1504.0,20557.0
55031,0.057,1944.0,34286.0
55033,0.055999999999999994,1983.0,35346.0
55035,0.055999999999999994,4776.0,85181.0
55037,0.07,233.0,3311.0
55039,0.055999999999999994,4536.0,80759.0
55041,0.095,644.0,6778.0
55043,0.086,3380.0,39095.0
55045,0.063,1852.0,29202.0
55047,0.087,1258.0,14487.0
55049,0.049,927.0,18943.0
55051,0.062,256.0,4162.0
55053,0.071,1087.0,15334.0
55055,0.061,4048.0,66363.0
55057,0.073,1433.0,19501.0
55059,0.065,8988.0,138282.0
55061,0.059000000000000004,939.0,16017.0
55063,0.051,4830.0,95210.0
55065,0.10400000000000001,1389.0,13372.0
55067,0.076,1096.0,14402.0
55069,0.065,1397.0,21505.0
55071,0.06,3736.0,62599.0
55073,0.068,7518.0,110740.0
55075,0.066,2062.0,31204.0
55077,0.068,784.0,11549.0
55078,0.039,114.0,2900.0
55079,0.077,58782.0,761217.0
55081,0.085,3188.0,37298.0
55083,0.062,1905.0,30553.0
55085,0.069,1867.0,27229.0
55087,0.052000000000000005,8246.0,158363.0
55089,0.040999999999999995,2936.0,71616.0
55091,0.08800000000000001,496.0,5617.0
55093,0.05,1697.0,33606.0
55095,0.071,2508.0,35142.0
55097,0.063,3492.0,55083.0
55099,0.071,715.0,10095.0
55101,0.07200000000000001,11274.0,157405.0
55103,0.079,1012.0,12764.0
55105,0.066,8881.0,134004.0
55107,0.079,825.0,10405.0
55109,0.048,3871.0,80781.0
55111,0.076,3970.0,52308.0
55113,0.08800000000000001,1122.0,12700.0
55115,0.076,2382.0,31199.0
55117,0.054000000000000006,5016.0,92263.0
55119,0.076,1200.0,15700.0
55121,0.076,1874.0,24792.0
55123,0.124,3020.0,24276.0
55125,0.092,1451.0,15776.0
55127,0.078,6404.0,82366.0
55129,0.084,1012.0,12105.0
55131,0.043,4794.0,110406.0
55133,0.039,12688.0,325720.0
55135,0.065,2633.0,40203.0
55137,0.08800000000000001,1544.0,17484.0
55139,0.057,7721.0,135560.0
55141,0.057999999999999996,3348.0,57374.0
56001,0.13699999999999998,4196.0,30660.0
56003,0.188,1719.0,9148.0
56005,0.147,5960.0,40611.0
56007,0.17,1907.0,11246.0
56009,0.132,1483.0,11201.0
56011,0.147,846.0,5766.0
56013,0.185,5433.0,29441.0
56015,0.138,1191.0,8656.0
56017,0.153,498.0,3256.0
56019,0.11199999999999999,714.0,6366.0
56021,0.12,9924.0,82473.0
56023,0.168,2793.0,16640.0
56025,0.132,8607.0,65229.0
56027,0.163,246.0,1508.0
56029,0.141,3156.0,22418.0
56031,0.156,980.0,6300.0
56033,0.131,3186.0,24265.0
56035,0.162,1083.0,6677.0
56037,0.132,4587.0,34805.0
56039,0.152,2927.0,19228.0
56041,0.13699999999999998,2337.0,17118.0
56043,0.15,870.0,5817.0
56045,0.146,707.0,4842.0
