"geoid_tract","diabetes_pct_reduction_mean","diabetes_pct_reduction_p05","diabetes_pct_reduction_p95","high_bp_pct_reduction_mean","high_bp_pct_reduction_p05","high_bp_pct_reduction_p95","high_cholesterol_pct_reduction_mean","high_cholesterol_pct_reduction_p05","high_cholesterol_pct_reduction_p95","asthma_pct_reduction_mean","asthma_pct_reduction_p05","asthma_pct_reduction_p95","no_checkup_pct_reduction_mean","no_checkup_pct_reduction_p05","no_checkup_pct_reduction_p95"
"1001020100","0.03241095778280791","0.01639846577668715","0.0519180711350959","0.09365484092831718","0.048105798668381154","0.14817371968427098","0.12184666163417618","0.0640536747987402","0.19026174063475715","0.023433406971109117","0.012375221137611648","0.03736056175792693","0.3728629359207889","0.21029036209724172","0.5667428372182284"
"1001020200","0.03933363329981803","0.019950996762974304","0.06367054427011423","0.1022185062086259","0.052271929399188885","0.16068392505108528","0.1087121734346898","0.05855906631409049","0.16786543220086883","0.025981326431203763","0.013195946990221316","0.040969843089476286","0.37192796183713045","0.21132454045720972","0.5639977483919971"
"1001020300","0.033856605995248756","0.016070863295133565","0.053904598085075195","0.09518289315974514","0.04855239073202514","0.15222888892498487","0.11868962745794023","0.06349847769688007","0.18783932583491444","0.024068422979398877","0.012607841940738145","0.037825256273226214","0.3719217463363294","0.211780807180158","0.5630393802889861"
"1001020400","0.03082104877766647","0.015859705855934214","0.04861614860405285","0.0947615648108348","0.04996517362295533","0.1472495539284046","0.12994481844535602","0.07295992342621911","0.20003826502943164","0.021341688954706547","0.01100534793071995","0.03310112342546143","0.38025762297139715","0.2245252254014976","0.5578204733951088"
"1001020500","0.026672130088234384","0.012580689991827935","0.04236221690995207","0.08466836948698202","0.043290245324110126","0.133530446285037","0.1130528631379225","0.06111995373159669","0.17459604272428836","0.022348444376089637","0.011246194077721292","0.03528655105624726","0.3713735568563086","0.20866766653790245","0.5616672249655058"
"1001020600","0.03813914495578439","0.01900510292532704","0.05977939499032471","0.10038757713537806","0.05178196819605289","0.15768816669425642","0.12030410184440445","0.06371855102549116","0.1898071514702534","0.025555596459718843","0.013775143300158667","0.040783649985230284","0.373688676582541","0.21668466187721108","0.5671698289129683"
"1001020700","0.037920217526508274","0.018557457816511733","0.060286626966996736","0.10044393713194978","0.05023199582580941","0.16041691930188143","0.12187530697247934","0.06511127167749159","0.18908284081837298","0.02642300184690388","0.013150580429037193","0.04151630840862013","0.37297392999222506","0.21175897835250315","0.5601977329553661"
"1001020801","0.02889977460293597","0.015012741249218593","0.045099502587712996","0.08848737773524155","0.045306484940242066","0.13720669700339394","0.11884496271067739","0.061815800062111466","0.18370274707390163","0.02199721087468071","0.01126027216895297","0.034660670467487956","0.3684563863224777","0.21321539269855003","0.5561387244979146"
"1001020802","0.030719638435753368","0.015193295321971374","0.05031528743265425","0.08992478106017736","0.04588427584116979","0.14349733062978712","0.11509749483472337","0.06057231182904587","0.18182999131980312","0.02321360957468464","0.01174730798851611","0.037223959030805956","0.3624637332416165","0.20228725600033007","0.5504382378159948"
"1001020900","0.028688636608271388","0.013906088158129935","0.04549294095436016","0.08639813329152839","0.04367337166442749","0.13662397942189777","0.11513820454042883","0.05868041832163436","0.17822065900842016","0.021955751911457717","0.010512348613189037","0.03620655837463863","0.3620067684462002","0.20649146098917162","0.5413108747964426"
"1001021000","0.03807269202934","0.018293209303203543","0.061223531753126795","0.101510817685018","0.05199551121409847","0.16043008673513304","0.12427423990950345","0.06460454522066608","0.19263666092087947","0.02443304256209105","0.012755421689090005","0.03892418271748986","0.37611110855862284","0.2163206988655645","0.5601950227737471"
"1001021100","0.05209401627793976","0.026187265221680706","0.08474730555591214","0.12000018386202041","0.06107110200327378","0.19368776561168244","0.1266933454229568","0.063977534378662","0.19875026863039277","0.027480779521781098","0.013816933169839384","0.04338391497490858","0.3883722435192146","0.21650727476150614","0.5873412745322536"
"1003010100","0.04227393549442174","0.02114128270003795","0.06821458276076706","0.10223972476530784","0.05181145358074806","0.16245709753065574","0.1301190388142598","0.06933015107291969","0.20343964219785526","0.024074351058703224","0.01236305994718504","0.03819408781609119","0.3788872935901818","0.2183324082516531","0.572390380130198"
"1003010200","0.0411946233824236","0.02078532130731927","0.06682372398222178","0.09821253434444897","0.050795757689322166","0.1571639570699463","0.1258027520337025","0.06308151842838501","0.19602562968316367","0.02542635360678063","0.013202161692866764","0.041319029102771895","0.36992844891523224","0.21054161270822594","0.5665669513605717"
"1003010300","0.0348961850585857","0.017191556745158182","0.05593880175638164","0.09110656376071131","0.04905709164074353","0.1426273730387611","0.12094478051856074","0.06498128459139645","0.18766820198423115","0.02307324496287065","0.011770964847788026","0.03542363410465111","0.37920100142882834","0.22200301126597607","0.5793475894474082"
"1003010400","0.03323428178458681","0.01603275027560166","0.05407819526817896","0.08706204127933152","0.04333138279148955","0.1398437952455197","0.12155375190044101","0.061835823837582016","0.19113719663552545","0.0230448927225294","0.011722988566002046","0.0362646164365636","0.36389941840702134","0.19977601035918","0.5569759505713882"
"1003010500","0.034470826855141835","0.017227795745477333","0.055081932714375344","0.08983590762216874","0.04421828769477939","0.1404318841079885","0.12029299984938358","0.0621705590079459","0.18882716743799416","0.021907649021986542","0.011532388956312702","0.03453772050828939","0.36515389682336646","0.2032955984205599","0.5461561617116095"
"1003010600","0.05051172946476641","0.025177729214171975","0.08109637549469491","0.10902789976196149","0.05614654291970101","0.171586661342812","0.11540535113155886","0.06083722183267136","0.179614605421329","0.029405836748071477","0.015372370234783429","0.045866301125576","0.38212905684389703","0.21535085388419298","0.5753529051830738"
"1003010701","0.029618554804880213","0.014599199221272592","0.049179488330780084","0.085961645548386","0.04135928065175269","0.13881850706604992","0.1260186025698087","0.06350287503757801","0.20336987985242164","0.019626728760664514","0.01008071295715101","0.031142996690391677","0.3745726989085043","0.2061993198514894","0.5685507057870158"
"1003010703","0.025220530027492815","0.012792993174613977","0.039934595801326286","0.07495895114713834","0.03916487553246152","0.117224815184062","0.1116085095150846","0.05842724239286227","0.17261315070280822","0.021195648673166863","0.010750452871352355","0.032586476741869534","0.36721831789867837","0.20624595848790606","0.5667451704601979"
"1003010704","0.03431560708711959","0.016196626666546147","0.054620154833144224","0.08848679149440332","0.04375051567488317","0.1448644432398637","0.12052414644612755","0.06301984336042467","0.19094489389858404","0.02249483394270249","0.011739003124224325","0.03465640668951454","0.36493033538823777","0.21180854329841317","0.5557693611449575"
"1003010705","0.029909130256419964","0.01528678114090642","0.048292780115393424","0.08236302050653785","0.04198912755212677","0.1289408642097166","0.11307096217042646","0.060342921944087934","0.1737162170076985","0.021846646003041512","0.011336317973249115","0.03376737372557609","0.37216839456505635","0.2141695536135005","0.5567282684159727"
"1003010800","0.04181613618747957","0.020355493642643337","0.06605545476470175","0.10336989745342628","0.05276633296861014","0.1619339794538599","0.13085842499554465","0.07257799824337947","0.19841321854552552","0.02295095072404022","0.011815014218962527","0.03515688227817669","0.3946276238239721","0.2175499150898709","0.6008411825824506"
"1003010903","0.03447717323566715","0.016968908343496576","0.05479161961335647","0.08972886525675938","0.04707485223174181","0.13783823308298052","0.1159722391722043","0.06321762143693031","0.17929904406966027","0.02345789769948717","0.012429015455171903","0.03717594537180904","0.3675491227879048","0.2108417611082475","0.5540350546812021"
"1003010904","0.038160783231343476","0.019132092765265202","0.06142269892762474","0.09477732545060674","0.05091480622355829","0.14863820921417684","0.12749914342974847","0.06862648815916979","0.1972595549250445","0.024116174003644353","0.012877727725268271","0.03748029865596296","0.3665437154214193","0.20680045500208","0.5459130811749733"
"1003010905","0.030891419019548665","0.01499218775969501","0.04966613231359673","0.08196733366353255","0.04218158280927425","0.12692381679631465","0.11375154269213374","0.061420055255878195","0.1735443469693862","0.022154908602569686","0.011316224051703702","0.03473086719315817","0.35977595128096934","0.20258208570098502","0.5386013544940756"
"1003010906","0.036403960874058186","0.018282699333404043","0.05866864568782207","0.09290521443649519","0.04916871192371679","0.14379546019490505","0.12410242332235848","0.06864175420091381","0.19259174350511857","0.023656668290307853","0.012412375844657694","0.037642481806961905","0.3688939791877813","0.2121129977843225","0.5431462689855087"
"1003011000","0.04123089151974069","0.02155127162029138","0.06563974160159053","0.09860164976513283","0.05234272017260516","0.15735129199640518","0.12989060503873065","0.07080509089523042","0.20433634251470736","0.024614852833011618","0.012826680683832008","0.038511423430141536","0.3748183170992261","0.21350333270379818","0.5649919752560638"
"1003011101","0.030473991058587113","0.014719454579382984","0.049701674862048184","0.08642261563909519","0.04229481921895467","0.1379854960441558","0.1256847861845525","0.06503787043280032","0.19985478084477773","0.020165173545936818","0.010400002897262301","0.03181221854837925","0.37738710613295096","0.2057244222531379","0.5772326209636045"
"1003011102","0.02924101621577528","0.014414562685219737","0.04626523806722773","0.08287186319315328","0.041630520564862515","0.12913512890750073","0.12055664861151555","0.0629701269820381","0.18764966156404952","0.02077637690190695","0.01016499371599068","0.03293949345319583","0.3708756681893058","0.20931082502356543","0.562152529172083"
"1003011201","0.03450777138988168","0.017503984451431885","0.05749589273091263","0.09641409099602982","0.04981107635499765","0.15496456031706002","0.1363868697765841","0.07070192871191376","0.22007044346976196","0.020243896689514075","0.010486785575568822","0.032329735539044724","0.389934619792738","0.2220295764168521","0.5889496503654839"
"1003011202","0.037599549464064685","0.01933861073176521","0.05955184521509086","0.09938436002322977","0.05063212015708357","0.1593994966271656","0.1315061269017768","0.0688335742977358","0.20722112486089472","0.022260117621178084","0.011133672141195431","0.03531993305966639","0.39129228388804255","0.21811729288513867","0.5863487632725259"
"1003011300","0.03165377301392378","0.015477393854616522","0.05098681387246264","0.09035794262046137","0.04642701847185586","0.14380005474129146","0.13109816569898744","0.0681105196611395","0.20493858602490567","0.019992035117228794","0.009985604250700587","0.03172281275732125","0.38258106100564937","0.20945294068542333","0.5738018673348653"
"1003011401","0.03582885684551678","0.018085003982207772","0.05665305318912067","0.09196197983252642","0.04838171262676629","0.14676727710735507","0.1249323385237434","0.0685806885493062","0.1919157867815775","0.022484421706190326","0.011802087317508996","0.03607831171465084","0.374060370263166","0.20996626462512405","0.5538750676343255"
"1003011403","0.031047937930890303","0.01563662575195658","0.04935981240548793","0.08381608669863744","0.04339808295210606","0.1285896304673013","0.11971723965865562","0.06165411611208605","0.18689809406618688","0.02134549083589971","0.01093385478916512","0.034107898325334875","0.36993460126785743","0.2101402113846496","0.5599592111510868"
"1003011405","0.03369062231145453","0.016979596731707194","0.05278447753885797","0.09516950890587797","0.04900433116991633","0.14578462648366047","0.1408521406330667","0.07545643572985695","0.21565707158536024","0.019656869723575148","0.010038056897302318","0.0317191876934607","0.3872050955383884","0.22357143994483708","0.5904760335865179"
"1003011406","0.025418888572004826","0.01272922562687669","0.041114512526179474","0.07389497218847779","0.03819388085135798","0.11690678370776583","0.11079536107314743","0.056821057241579515","0.17561921477317508","0.021171288515226552","0.010990303345830604","0.03319739325203065","0.353890364257014","0.20191066387069329","0.5348773073701694"
"1003011407","0.035431831322832036","0.0169820566205733","0.057950379002631974","0.09516216748691719","0.046848163083053423","0.15243128890571186","0.13413357022503225","0.06963062617197527","0.2131571544088467","0.021564516068095122","0.010958925959180335","0.034594277715863375","0.3870828141885236","0.21484523243985992","0.6003073270175229"
"1003011408","0.04057819564772784","0.01988260852307444","0.06508480496390916","0.10649433837938255","0.056948228643812354","0.16322629273856654","0.14973784132786955","0.08148714368974423","0.2257192172871463","0.020028462602127185","0.010092365969609888","0.03152162841979112","0.3936551346402281","0.22470176215116477","0.5898137034476956"
"1003011501","0.03954053228695667","0.0192842143819236","0.06422080968057207","0.09940602967774706","0.05153535429145748","0.1576504430040868","0.13232138149354986","0.07079344523680085","0.20354903994498624","0.021950872727550138","0.010741475647762276","0.03437872327121717","0.38295576368192313","0.2169020856052741","0.5833141352180575"
"1003011502","0.03784225828570102","0.01880672177290385","0.06062563076710086","0.0941118217699514","0.049404316645555724","0.14653279307730824","0.12469202375419913","0.06577173649828369","0.19159777156407498","0.02346606442054853","0.012145187777372862","0.036941941975663195","0.38247788372873676","0.22035162999140534","0.5644546619470729"
"1003011601","0.03677297360388431","0.017877583105792884","0.0587276974903563","0.09410421226453056","0.04842519591796875","0.14664304846605639","0.12973141379802108","0.06703409888698697","0.20078586792922448","0.022930562056969393","0.01189426572701062","0.0355990840318442","0.37517496576437614","0.20329776151195983","0.5666116238745036"
"1003011602","0.04918981592127531","0.024024851268192694","0.07788289759685302","0.11861752329341103","0.062132016617339955","0.18860982824463907","0.15439481805894595","0.08098041264430292","0.24149519367551298","0.0208679512490088","0.010588598266505411","0.032704063792684056","0.403894856055186","0.23125517709999197","0.6047276135155821"
"1005950100","0.05143956600485706","0.024979247815791392","0.08270843939304717","0.11614880384969448","0.057334702753647084","0.18444516840547975","0.13077948613278603","0.06927396605198184","0.20870446326045472","0.02620799581704111","0.013812721983386652","0.04104223926226002","0.3902951986158773","0.21000134052233863","0.5898530158197507"
"1005950200","0.04793593030611337","0.02422876386169066","0.07526209341564746","0.11163107323306594","0.05536544813074127","0.178450571858385","0.112002630261003","0.05972674424223863","0.17360463040998064","0.026045640048177325","0.013431314831518291","0.04134507609363638","0.3714769069153216","0.21229134427967478","0.5572735334266727"
"1005950300","0.06597442396857395","0.03153756957786126","0.10747104444044074","0.13214080367614153","0.06820075853406078","0.20908968248314957","0.14114333177799981","0.0750598410486423","0.2187127843107876","0.02940119625891288","0.01538948491845834","0.048217282675785594","0.4004458691451298","0.22903831546181858","0.6016871228554141"
"1005950400","0.04839588083031414","0.023778307410646442","0.07709247481400218","0.11129926457961228","0.05590237602411518","0.17548387887142108","0.1212191455812426","0.06297920004543173","0.1885481968579588","0.025729290731778334","0.0135023076650606","0.040772446170084076","0.36964545666513327","0.20884464115556614","0.5593391531821775"
"1005950500","0.04624759190517035","0.02373168730926606","0.07404628844196497","0.10964596795040812","0.05896811564427739","0.17021490607494152","0.13641018036963168","0.07495312434201223","0.21186142132956245","0.025195633157723243","0.013375396590701565","0.039864297586692896","0.38097688154707876","0.21834597037348644","0.5775906467145585"
"1005950600","0.0503775624668032","0.026560546911178512","0.07993275089230445","0.11326176619271573","0.06109734967037203","0.17787574603803663","0.12782169443475913","0.070265226764467","0.19917780134736016","0.028397344116996417","0.015835204050028598","0.044903810195300146","0.38609975823915027","0.2300056494352981","0.5709654918281204"
"1005950700","0.05844097441428754","0.029364532236031356","0.09336834789349599","0.12357674764379105","0.062066999460967706","0.19452325726668418","0.1330688841540056","0.0691221734073765","0.2071295633922386","0.028640810269989856","0.01534359861684836","0.04543305995029817","0.3904884201618878","0.21375709215173644","0.5849605510006138"
"1005950800","0.04545239365848352","0.023522636187266497","0.07632824560336367","0.11009795117659339","0.05557098431100588","0.17847672285656452","0.129793782294338","0.0646310161416354","0.20679686097321762","0.025222290178576322","0.01335087731587175","0.03978523502834548","0.39100932504739366","0.21391889808590087","0.6122527546494496"
"1005950900","0.05342779037691814","0.02718755966136529","0.08394710045801837","0.11499810740398386","0.06163297739975931","0.18098619951452152","0.12266013898548576","0.06616140456424036","0.1890405585012389","0.0302835957488197","0.014928869718200729","0.046922922765011255","0.38932631621218355","0.21907246942082803","0.5928444562915768"
"1007010001","0.040934911101682715","0.0203886149156188","0.06532823719596828","0.1041453749017518","0.05200588457412405","0.1624365160077301","0.1270929576237702","0.06749869142701416","0.2006366795410647","0.025428482100741494","0.013101023511043263","0.04169617706339126","0.3671327453840862","0.20505126722395647","0.5533071286538083"
"1007010002","0.0335821273164539","0.01594757830195435","0.05399440201581007","0.09426608127752775","0.046580289295266926","0.15116436728675386","0.12041820264053314","0.06457571784965813","0.18537328250220475","0.023595580701838877","0.012046797690467717","0.03731948523372118","0.3604796648256082","0.1982413143313957","0.5451356198953627"
"1007010003","0.03457644206867022","0.017074765018188182","0.05706649589751602","0.09791796034200037","0.05016948835645939","0.15730586532256524","0.1240589352229087","0.06574518973246864","0.19875229611952822","0.02222437964820275","0.011969071743795724","0.035189506972637515","0.37433149615796774","0.2113229418689021","0.5732076088959438"
"1007010004","0.0415005019265902","0.019461950418348493","0.06702061357837967","0.10760814336175355","0.055547593465986936","0.16948087936748407","0.11641761153301858","0.0631273457587855","0.18192216580129686","0.0248409661404937","0.012618856862830265","0.03925639652789416","0.37201004594354375","0.20972128394139877","0.5625285194825866"
"1009050101","0.03574884295789501","0.0170884945687409","0.05814228453372751","0.09499093938437397","0.04836457627595174","0.15305353876070116","0.12137321949513617","0.06553959428118222","0.1938967768009385","0.02320454233873293","0.011609544683642632","0.037406234439605134","0.3686346293924795","0.20049449581831782","0.5707649143346457"
"1009050102","0.04172677546499251","0.020894685796110795","0.06734313021942664","0.10551902508796998","0.05319234501445837","0.16502853739310097","0.13194012765375399","0.06845319612328526","0.20389457455324414","0.023330626689176546","0.011877800082091059","0.03688552418073849","0.3778901251315698","0.20961129758556415","0.5812428660331755"
"1009050200","0.0366200256063246","0.01829837215246371","0.058505115730466614","0.09514810780452683","0.04953115478211307","0.14657112775880746","0.12171644738452925","0.06482002884941705","0.1859014403356948","0.02323313928206648","0.011537856016540554","0.03661411452529972","0.3661458606967747","0.20602013171680328","0.5472856971850333"
"1009050300","0.043279706365013826","0.02132608693886253","0.06889157981834407","0.10596002686507484","0.05486899768229957","0.16618804904732046","0.13035891635129535","0.06901186512984216","0.20372912374228166","0.02525027921401368","0.013561535092286645","0.04001455062523409","0.3722181266840066","0.20672928208747937","0.5670817725844187"
"1009050400","0.035525766350816994","0.01697812390768256","0.05700528434428687","0.0966106760035017","0.04800602305182032","0.1535639695205605","0.12471647296930007","0.06582589858780395","0.19437487414840643","0.023380373081645374","0.01198022101681543","0.03723195854108241","0.3682936248224225","0.20624019983626304","0.5636744689924956"
"1009050500","0.03817713891949516","0.019823803767388154","0.06180768845173566","0.0988711190389153","0.05189127192171738","0.15763358707191175","0.124136690899383","0.06722191477374365","0.1877465198034768","0.024081316706588526","0.012461978956458829","0.03869552018204356","0.3721350458177845","0.21760041055851026","0.5678595822749212"
"1009050601","0.031328856653017774","0.01565934452911868","0.04918297852604429","0.090815514416675","0.047009901555088225","0.14154730183974437","0.11971280970824788","0.06433428889412267","0.18723512918881527","0.02199880718745196","0.010476133082677728","0.03517861403375491","0.368771890313351","0.20736406285237166","0.5584035764158075"
"1009050602","0.029839931308194224","0.014749171125783571","0.04780197724500874","0.0882478077734235","0.046069348330049935","0.1422596584382891","0.11707948248572704","0.06215765755417707","0.18519151241714996","0.02201756620935068","0.01147262262370163","0.034460302951479456","0.36524283476753583","0.20804696065777975","0.5576592043918522"
"1009050700","0.03907490022145201","0.019996004745949904","0.06432154479792483","0.10235199668855188","0.054670429918711363","0.16342636740851027","0.1297527636913034","0.07089601793048209","0.20325106075283636","0.024289611965029073","0.0121405345409214","0.03875893743423333","0.37628808657786816","0.21330791681819478","0.5653248728999121"
"1011952100","0.07370746969262222","0.036287296287355386","0.11781608356428457","0.14198259453292456","0.07351357097427719","0.22500958829177686","0.13104711379344383","0.0698036037189599","0.20624512985516955","0.031125814131695562","0.015902239999890166","0.04982568049680301","0.4131552590542077","0.23200145405755798","0.6331001212955634"
"1011952200","0.05617312655596317","0.02744452973033163","0.08956893488697934","0.1228966148456709","0.06129756275547544","0.19134748992273287","0.11901400545678738","0.06423914464483918","0.1860151156933094","0.026622171495593806","0.013020569243756299","0.04105638236822832","0.39063438062571937","0.22242436787350842","0.6005216057599707"
"1011952500","0.045317718451454915","0.022787502568649427","0.07074321185604382","0.11573051018221354","0.06091283460442324","0.17781831732425338","0.129011627645768","0.06813951955597458","0.19932756643683724","0.024378958903017056","0.012633336843751137","0.037692069707962315","0.40128925365048096","0.22763172425258288","0.5995436935707179"
"1013952700","0.04778573416759611","0.024675655913787148","0.07763278901556751","0.11230734449636255","0.05956918155182809","0.18156522819823503","0.12647516230720843","0.06811547328968107","0.19591562383856997","0.025950825229058026","0.013401646780739055","0.04061119937487027","0.38856263449747747","0.22431507297531758","0.5983085759122652"
"1013952800","0.03735324395867034","0.018932076651620847","0.060970618982698434","0.1023134998001266","0.05228585676140128","0.16340448639823643","0.13069472394696174","0.07181785306479281","0.20345417329254964","0.0228636918916484","0.011907790040081113","0.0361663913684738","0.38721807939062747","0.22583543004381815","0.5838199594257412"
"1013952900","0.05062726388394415","0.024352241240773922","0.08340588283918052","0.1154768983757516","0.06171401571357396","0.185437739980592","0.12498588970233399","0.06596210221772965","0.19736969742016947","0.027505171848642092","0.01452751885262952","0.04386652776998295","0.3926538088694692","0.22292517762467437","0.5938079415765599"
"1013953000","0.050727664834971466","0.026532026953714816","0.08070651146766956","0.11717709286127115","0.062337455831207","0.18440085038890236","0.13388974050741353","0.07309669377215618","0.21174404581333606","0.025344224665167676","0.012976157919226879","0.04028934718650312","0.3938011380893001","0.22238648600093647","0.5993101030402184"
"1013953100","0.052913299006427564","0.02529144246670516","0.08520562734768213","0.11828468064259383","0.0597024702173942","0.18677145569791978","0.11914012967021181","0.06580471417566551","0.17929421156010197","0.029404390325015746","0.015282308441103756","0.0468905871043476","0.40011389470002495","0.23187419973056964","0.6068175897221032"
"1013953200","0.043106633586747094","0.022162730389202058","0.06905739602571392","0.10817055362322964","0.05498382918075225","0.16969108004391473","0.1276903359293544","0.07165691843433154","0.19879171547675867","0.02470843012031934","0.011796273130013607","0.03882455657530487","0.3884789646920165","0.21836028814702577","0.5953008525683726"
"1013953300","0.03986465122395989","0.020516048726823173","0.06263243603688952","0.10513131119705432","0.055014514845226736","0.16145997717697874","0.135673208293301","0.07057956680593092","0.20887680621844024","0.023257741419265558","0.012357897658624396","0.03715726574937574","0.387157445657124","0.22217423844716183","0.5803293631530368"
"1013953400","0.06497207748614606","0.031329766388083685","0.10487303842225973","0.13407364400710328","0.06982859410717106","0.20907088810777041","0.13887390564682206","0.07222907268782863","0.21435081056977984","0.029152941115174087","0.01487017490550728","0.046665551728638094","0.4102726046259775","0.235080893855112","0.6129800828649976"
"1013953500","0.04928515632738856","0.023870030496400484","0.08002817559091402","0.11460258538524758","0.06003088282201888","0.18331263200189563","0.13635985792199137","0.07038566247217638","0.2121434216139277","0.026104149983004563","0.013214546157566858","0.041465105955835906","0.38613566932298654","0.22022866408615313","0.5886111477791347"
"1015000200","0.05152841817942537","0.026016016344070067","0.08192585877049141","0.11836705161987664","0.061277262022359176","0.1811912609481009","0.1166081077902704","0.06391538113653615","0.18153511439229664","0.027888667482925334","0.014150941799694993","0.04249647094921502","0.3851264922468035","0.21576827911932245","0.5741850913684875"
"1015000300","0.06949032301193107","0.03418443611486802","0.10911977001034237","0.13706482162981432","0.06944426412714035","0.21408978356514757","0.12074057696278262","0.06634466018449138","0.1838814323947264","0.032278784891252604","0.01649774998773649","0.04989780607091426","0.396542481451376","0.21741081653453678","0.5988008008705851"
"1015000400","0.06833501934738086","0.03425138960917015","0.11228081875757781","0.1339947012819736","0.06912655832164234","0.21730731242841547","0.1288037669240451","0.06703406123983294","0.20174529830438948","0.03028159102680524","0.016123046533002172","0.048136314229030176","0.3912957548021179","0.22575186349193627","0.5960723406617899"
"1015000500","0.08565740243639303","0.04421150834906134","0.13690325792123442","0.148902284594998","0.07850187958592666","0.2341704186783145","0.12583378941239076","0.06763215310077512","0.19367882877369189","0.03467586861539131","0.017950219631759672","0.05477255960330235","0.4072960626871229","0.22643881415722653","0.600691311219889"
"1015000600","0.05605837071416863","0.027994788087540357","0.0908890521917573","0.12048886333252082","0.06131480729590941","0.19204782745229196","0.10577194170163456","0.05426478652013132","0.16617030677302796","0.0323116681919372","0.01632009277316041","0.0500863472068499","0.3769340324463108","0.216231295660496","0.573381732839375"
"1015000700","0.04271630498430571","0.021499073300026116","0.06739944947387466","0.10667692883268283","0.0562975007321909","0.16996765579694015","0.11368576516230669","0.06249085797293908","0.17708453224226633","0.028045776734525803","0.014370324912399006","0.04357526483943292","0.38239370010567175","0.21914418327350962","0.5690688121999682"
"1015000800","0.05850102700377724","0.028936160730172383","0.09114567314573782","0.1244029857238633","0.06353542507908373","0.1918398839592408","0.12795246753186204","0.06722865001810888","0.2015697062221245","0.027871806120669727","0.014498220533056641","0.043813835173427976","0.38191791549690024","0.2115447719244267","0.5638993587202028"
"1015000900","0.04836593265447604","0.023482168658223085","0.07889751036686914","0.12154881200016034","0.06234435433301793","0.19564859790907757","0.14027094474938123","0.07143208936280912","0.22045887302463524","0.023153404653416754","0.011952255621946533","0.03707710779353123","0.3933220347068905","0.21650617736294048","0.6045761697560016"
"1015001000","0.037040234209473916","0.018277092279825775","0.05910316846127256","0.10076015639013326","0.052463604962920504","0.1615094388953542","0.12227052135180824","0.06417314698444115","0.19128076087827875","0.022369458244487175","0.011356324479639173","0.0354932700730993","0.3737801561248789","0.2056372503864614","0.5691017476468063"
"1015001100","0.03426222449132682","0.01823423125810862","0.05348400484146381","0.0950523484060831","0.05076208790005589","0.1487341687713827","0.11844549266403961","0.06306906920670746","0.1878065040818097","0.023038263306013888","0.012129749448589895","0.036075795307532986","0.3698631752489091","0.21763803548425126","0.5676820690506091"
"1015001201","0.054392339070891346","0.025605267105046674","0.08562195173745615","0.11888339424355854","0.059249870420665776","0.1871795962262894","0.1275298815368204","0.06681168510612952","0.20084087325688071","0.02823341102100197","0.014722322320834686","0.04347748224895137","0.37697307969859944","0.20769059925989805","0.576072004949914"
"1015001202","0.04082246584048711","0.02143461088389827","0.06527097637669159","0.10140860644634626","0.053733866120765646","0.1602114815373115","0.12009960569888659","0.06369551362098208","0.18866453762351681","0.025764962727676376","0.013117422248934918","0.04070097699415859","0.3590241476431839","0.20457319621706407","0.5414362313706368"
"1015001300","0.048632372989387475","0.024234520677028998","0.07796347203038942","0.11285296477083562","0.055929210404744675","0.1753911104041298","0.13186656692155874","0.06893304123219181","0.20344120683590247","0.027805763525019365","0.01404263647900932","0.045795748603959394","0.36379720708144175","0.20470467569040102","0.5433063681166683"
"1015001400","0.04350592843270769","0.021064112216303284","0.06950473459262052","0.10674159632099281","0.05293556544768673","0.17118047952204737","0.12218333811695613","0.06320541015337917","0.19058617623617824","0.025262707351267448","0.01345450537918576","0.03988191078803633","0.3651318636509483","0.20528503684358598","0.5526430651440947"
"1015001500","0.04119564912893088","0.019989965377282773","0.06801891162856834","0.10453537357131577","0.0530999144400814","0.1675527321953793","0.12436139121027617","0.06700377332016691","0.1940736344257097","0.025653145139749277","0.013345383892325938","0.040950299400027375","0.3649026057958765","0.206809558509541","0.5440562557246605"
"1015001600","0.039473138050010334","0.018402826169917803","0.06325054785470893","0.10185952638290595","0.05020748299034168","0.16365430828286","0.11869684470536314","0.06298423998165859","0.1860809784693328","0.02562487061145415","0.013381598947910056","0.040789735836403204","0.35931834233188853","0.20304572588817657","0.5400093704443225"
"1015001700","0.04027352971980775","0.019138946617866866","0.06419672400887882","0.10587245810585613","0.05259218425721561","0.16564109310405545","0.12537874999354895","0.06900357633587717","0.19326407172236038","0.023589462174075967","0.011660814127943071","0.03698644259351749","0.3731128042934974","0.21182242113218194","0.5655838739930296"
"1015001800","0.034078581603954265","0.016724782239693287","0.055106884027081526","0.09392418616039676","0.04844075219129315","0.15193445371624664","0.11650004618378279","0.062075665473770025","0.18376079493874586","0.02376860143959613","0.01193054678519388","0.0379133663226514","0.3626494161296474","0.19862935253332703","0.5601696657880907"
"1015002000","0.030666098797458515","0.014470766388688461","0.04927142241615228","0.08880669495359879","0.04410619344267218","0.14028232609528393","0.1137399462022881","0.05939234213756633","0.1808654359310737","0.022089690211196212","0.01200869761638342","0.03484445150937918","0.3497358614840679","0.19524044381386674","0.5321965366706461"
"1015002101","0.01548947526192711","0.0076091617216786644","0.024603068279083595","0.05841171340952539","0.029829977788933232","0.0932821551399423","0.054245656627843995","0.028460251129719543","0.0845622577996163","0.030807144362736388","0.015420495309004826","0.04799807434245017","0.3509284668170903","0.20513648234051218","0.5278288989450883"
"1015002102","0.03446297198077043","0.01603410317354947","0.0560205851708322","0.09570816333860344","0.046934162003135944","0.14896344268685743","0.11815959874926218","0.06260366051418423","0.1837053907987237","0.022580027325092508","0.01149103295380088","0.03540924224694498","0.37764053701210776","0.2087322291635746","0.5571387955261138"
"1015002103","0.03726204198670889","0.018550275710134703","0.06054837789116917","0.09517241818670609","0.049947057677206065","0.15079282038072186","0.10918687262151847","0.05726767834400755","0.17309162757338992","0.02600132084606785","0.013989789519089019","0.040644938932222374","0.36371011897296146","0.20569908092335043","0.5472146915311872"
"1015002200","0.04119092846215307","0.01972459111899782","0.06728407755219909","0.10641829284670383","0.05328548585407989","0.1708053582738162","0.13130737532579706","0.06965715022443278","0.20492350651452418","0.024236401910872132","0.012223312419140693","0.038841139676210626","0.3658631094041866","0.20760172354426187","0.5507806019848113"