geoid,hpsa_score_max,hpsa_designation_count,pct_below_poverty,hpsa_designated
01001,15,1,10.6,1
01005,19,3,21.9,1
01007,20,2,,1
01009,11,1,14.1,1
01011,22,4,25.6,1
01013,19,3,21.0,1
01015,15,2,17.4,1
01017,15,1,,1
01019,15,2,,1
01023,14,1,19.5,1
01025,20,2,20.5,1
01027,11,1,16.5,1
01029,14,1,13.1,1
01031,13,1,17.6,1
01033,17,1,16.8,1
01035,14,1,27.6,1
01037,14,1,11.6,1
01039,15,1,18.0,1
01041,11,1,16.1,1
01043,12,1,13.9,1
01045,18,1,18.7,1
01047,21,2,29.0,1
01049,15,2,20.3,1
01051,19,5,10.2,1
01053,19,3,21.2,1
01055,20,2,17.1,1
01057,11,1,18.6,1
01059,15,1,17.3,1
01061,13,1,19.0,1
01063,21,1,35.9,1
01065,22,3,23.8,1
01067,12,1,15.7,1
01071,19,2,16.7,1
01073,24,5,16.3,1
01075,16,1,15.0,1
01077,12,1,13.6,1
01079,16,1,13.7,1
01081,16,1,18.8,1
01085,16,1,29.5,1
01087,19,2,22.0,1
01089,18,3,,1
01091,17,1,22.5,1
01093,15,1,16.8,1
01095,13,1,16.2,1
01097,20,4,,1
01099,17,1,22.6,1
01101,20,3,19.2,1
01103,8,1,13.5,1
01107,21,2,22.5,1
01109,19,2,23.4,1
01111,15,1,18.3,1
01113,19,1,22.2,1
01119,22,2,28.1,1
01121,20,3,17.6,1
01123,14,1,,1
01125,22,1,,1
01127,19,1,,1
01129,16,1,18.4,1
01131,23,2,29.0,1
02013,15,7,12.4,1
02016,11,8,9.2,1
02020,15,20,8.1,1
02050,20,44,24.0,1
02060,7,6,9.6,1
02063,9,5,,1
02066,12,10,,1
02068,11,3,6.5,1
02070,19,16,,1
02090,15,7,8.1,1
02100,12,4,8.2,1
02105,9,7,8.2,1
02110,15,9,7.6,1
02122,16,17,12.0,1
02130,18,3,,1
02150,9,9,,1
02158,19,16,31.2,1
02164,15,14,16.5,1
02170,18,9,,1
02180,20,18,,1
02185,17,9,8.3,1
02188,20,15,,1
02195,5,2,,1
02198,18,14,,1
02220,9,4,8.2,1
02230,9,2,8.2,1
02240,16,7,,1
02261,3,1,,1
02275,7,3,,1
02282,9,3,8.2,1
02290,16,35,,1
04001,20,30,34.8,1
04003,19,48,26.6,1
04005,20,53,34.8,1
04007,20,24,44.0,1
04009,21,16,44.0,1
04011,18,3,10.7,1
04012,18,19,28.3,1
04013,21,304,43.8,1
04015,19,71,49.7,1
04017,20,34,41.5,1
04019,21,131,43.8,1
04021,21,110,33.5,1
04023,21,15,25.7,1
04025,19,55,15.3,1
04027,18,70,21.3,1
05001,16,1,,1
05003,17,1,22.7,1
05005,15,2,14.4,1
05007,14,1,,1
05009,13,1,13.4,1
05011,16,1,20.0,1
05013,18,2,13.3,1
05015,17,1,16.2,1
05017,20,3,24.3,1
05019,19,3,20.1,1
05021,17,3,17.2,1
05023,17,3,13.8,1
05025,18,2,15.5,1
05027,19,1,22.6,1
05029,10,1,20.5,1
05031,19,2,19.0,1
05033,15,2,16.7,1
05035,18,2,20.7,1
05037,17,1,20.0,1
05039,17,2,11.1,1
05041,22,3,28.9,1
05043,21,2,22.7,1
05045,15,2,15.0,1
05047,18,2,18.8,1
05049,17,3,14.7,1
05053,18,2,12.3,1
05055,15,1,17.0,1
05057,20,2,18.9,1
05059,15,3,17.0,1
05061,13,2,19.7,1
05063,18,2,19.6,1
05065,18,2,21.0,1
05067,16,4,21.2,1
05069,24,7,20.5,1
05071,15,3,19.3,1
05073,21,2,27.2,1
05075,16,1,,1
05077,20,3,27.7,1
05079,21,3,17.6,1
05081,19,1,,1
05083,17,5,14.4,1
05085,15,1,,1
05087,12,1,15.0,1
05089,17,2,17.8,1
05091,19,1,21.0,1
05093,19,3,21.0,1
05095,14,1,,1
05097,15,1,20.8,1
05099,18,1,28.5,1
05101,15,1,13.3,1
05103,19,3,17.8,1
05105,18,2,15.6,1
05107,14,1,28.7,1
05109,12,1,18.8,1
05111,19,3,20.0,1
05113,20,3,18.9,1
05115,11,1,17.5,1
05117,16,1,9.3,1
05119,16,2,16.2,1
05123,15,2,,1
05127,14,3,17.2,1
05129,19,3,24.5,1
05131,15,1,16.2,1
05133,12,1,19.6,1
05135,16,4,17.3,1
05137,16,1,21.5,1
05139,16,2,19.4,1
05141,18,1,19.5,1
05143,19,3,14.7,1
05145,16,1,,1
05147,21,2,22.7,1
05149,16,2,13.2,1
06001,20,13,,1
06003,10,1,12.3,1
06005,17,2,,1
06007,17,7,18.7,1
06009,17,3,,1
06011,15,2,,1
06013,21,2,,1
06015,20,5,,1
06017,20,24,11.3,1
06019,24,72,38.7,1
06021,17,7,17.4,1
06023,20,6,,1
06025,20,7,,1
06027,18,3,,1
06029,21,68,18.9,1
06031,19,39,25.7,1
06033,18,20,24.7,1
06035,20,5,,1
06037,21,302,26.8,1
06039,16,4,,1
06041,20,3,,1
06043,19,9,13.8,1
06045,17,14,27.8,1
06047,20,7,25.6,1
06049,17,5,20.2,1
06051,13,1,,1
06053,20,47,16.6,1
06055,19,1,,1
06057,18,2,,1
06059,19,60,15.7,1
06061,18,2,8.9,1
06063,20,11,13.7,1
06065,19,48,17.5,1
06067,19,7,,1
06069,20,4,,1
06071,19,120,28.7,1
06073,20,77,24.4,1
06075,16,8,,1
06077,19,62,21.1,1
06079,17,1,,1
06081,9,3,,1
06083,18,31,15.0,1
06085,16,13,,1
06087,16,3,,1
06089,18,11,17.8,1
06091,16,1,,1
06093,19,19,14.7,1
06095,19,1,,1
06097,20,7,,1
06099,16,13,11.9,1
06101,18,4,22.7,1
06103,17,23,19.6,1
06105,17,7,15.7,1
06107,21,48,22.2,1
06109,18,12,,1
06111,18,2,,1
06113,18,4,,1
06115,18,3,,1
08001,16,58,19.4,1
08003,23,1,,1
08005,17,8,19.4,1
08007,14,2,8.3,1
08009,21,2,24.0,1
08011,18,1,24.0,1
08013,18,17,33.8,1
08015,17,3,7.4,1
08017,15,3,11.4,1
08019,17,1,6.8,1
08021,18,2,13.7,1
08023,22,1,22.3,1
08025,18,2,24.0,1
08027,14,1,9.6,1
08029,17,1,14.2,1
08031,19,44,19.4,1
08033,17,1,18.7,1
08039,16,3,11.1,1
08041,12,30,17.1,1
08043,17,7,13.9,1
08045,16,4,8.4,1
08047,16,1,9.9,1
08049,19,4,,1
08051,14,1,,1
08053,6,1,,1
08055,15,1,17.5,1
08057,8,1,18.2,1
08059,20,8,17.7,1
08061,9,2,12.7,1
08063,14,1,9.1,1
08065,16,2,7.2,1
08067,21,2,,1
08069,15,23,25.8,1
08071,18,2,17.3,1
08073,16,5,11.1,1
08075,12,2,13.0,1
08077,20,1,,1
08079,7,1,13.0,1
08081,17,2,11.6,1
08083,19,5,13.2,1
08085,16,8,13.3,1
08087,14,3,12.2,1
08089,18,2,24.0,1
08093,16,1,7.2,1
08095,12,1,15.7,1
08099,17,2,17.1,1
08101,21,2,,1
08105,20,3,14.9,1
08107,22,2,6.4,1
08109,19,1,17.6,1
08111,7,1,16.8,1
08113,15,2,11.6,1
08115,15,2,14.5,1
08117,21,1,,1
08121,15,1,7.6,1
08123,18,3,14.4,1
08125,13,1,14.9,1
09001,12,14,13.8,1
09003,13,5,16.2,1
09011,13,4,13.5,1
09110,21,12,25.4,1
09120,19,2,,1
09130,21,10,14.6,1
09140,21,8,23.9,1
09150,8,1,8.5,1
09160,20,2,9.1,1
09170,19,4,21.3,1
09180,21,13,22.3,1
09190,18,29,14.8,1
10001,16,1,11.2,1
10003,21,82,15.5,1
10005,21,3,11.3,1
11001,22,156,34.3,1
12001,18,5,19.6,1
12003,17,4,13.0,1
12005,13,2,11.6,1
12007,16,5,19.0,1
12009,19,3,11.5,1
12011,22,3,,1
12013,13,2,21.2,1
12015,3,1,,1
12017,15,5,15.5,1
12019,17,5,15.7,1
12021,18,2,,1
12023,17,5,17.0,1
12027,18,2,23.0,1
12029,18,3,19.2,1
12031,23,47,20.1,1
12033,17,3,14.4,1
12037,18,4,17.3,1
12039,19,3,27.6,1
12041,12,2,11.1,1
12043,17,2,21.1,1
12045,14,2,11.6,1
12047,24,3,27.3,1
12049,18,4,24.2,1
12051,16,4,21.5,1
12053,6,1,,1
12055,16,4,15.3,1
12057,21,5,15.3,1
12059,12,2,14.3,1
12061,17,2,,1
12063,12,4,,1
12065,16,2,20.3,1
12067,17,3,17.7,1
12069,16,11,12.2,1
12071,19,1,,1
12073,24,7,18.5,1
12075,16,4,17.1,1
12077,21,2,20.8,1
12079,22,3,20.9,1
12081,17,1,,1
12083,18,10,,1
12085,10,2,12.8,1
12086,21,40,25.9,1
12087,15,1,,1
12089,11,1,12.1,1
12091,8,6,10.9,1
12093,15,2,19.0,1
12095,19,3,,1
12097,19,1,,1
12099,21,15,29.0,1
12101,19,1,,1
12103,19,33,15.0,1
12105,20,5,,1
12107,19,3,23.8,1
12109,17,5,17.3,1
12111,11,1,11.6,1
12113,16,9,13.8,1
12115,19,1,,1
12117,19,1,,1
12119,19,15,19.8,1
12121,17,5,14.1,1
12123,19,5,17.3,1
12125,15,1,18.6,1
12127,21,4,12.2,1
12129,17,3,5.5,1
12131,17,5,15.4,1
12133,13,2,18.9,1
13003,21,1,25.0,1
13005,17,1,20.9,1
13007,16,1,29.4,1
13009,21,2,21.9,1
13011,17,1,12.8,1
13017,20,1,25.7,1
13019,14,1,22.0,1
13021,22,3,24.8,1
13025,15,1,16.9,1
13027,17,1,25.3,1
13035,6,1,,1
13037,22,3,22.7,1
13043,20,1,,1
13047,18,1,,1
13051,21,3,,1
13055,18,2,20.0,1
13059,21,2,25.8,1
13065,22,1,22.8,1
13067,20,2,,1
13069,19,1,19.7,1
13071,21,3,,1
13081,24,1,,1
13083,21,2,8.5,1
13087,22,1,24.8,1
13089,24,6,,1
13091,19,3,22.1,1
13093,21,1,,1
13095,24,1,,1
13099,24,1,,1
13101,12,1,12.3,1
13105,21,1,20.6,1
13107,23,2,,1
13111,21,2,12.0,1
13115,18,1,16.8,1
13117,21,1,,1
13119,18,1,20.3,1
13121,24,6,,1
13123,16,1,14.7,1
13127,24,3,16.3,1
13129,16,1,12.9,1
13131,19,1,20.5,1
13133,24,1,,1
13135,20,2,,1
13137,16,2,13.6,1
13141,21,2,31.5,1
13147,17,1,11.4,1
13149,19,1,18.6,1
13155,22,2,18.1,1
13161,14,1,26.6,1
13163,21,3,,1
13165,16,1,23.5,1
13167,24,2,,1
13175,19,1,22.4,1
13177,18,2,7.0,1
13179,22,1,,1
13185,19,2,20.3,1
13187,16,1,15.6,1
13189,20,1,19.0,1
13191,22,1,22.4,1
13193,19,3,25.5,1
13195,21,1,,1
13197,15,1,16.9,1
13201,22,2,24.0,1
13205,21,4,25.5,1
13207,12,1,,1
13209,15,1,,1
13213,16,1,13.0,1
13215,24,3,18.8,1
13225,18,1,,1
13227,19,1,,1
13229,18,1,13.1,1
13233,17,1,19.3,1
13235,20,3,18.3,1
13237,18,1,18.6,1
13239,19,1,15.4,1
13241,15,2,14.8,1
13243,17,1,26.8,1
13245,21,2,,1
13247,15,1,10.7,1
13253,24,2,18.9,1
13255,21,1,18.7,1
13257,17,1,13.9,1
13259,24,3,27.2,1
13261,18,1,22.6,1
13263,18,1,21.6,1
13265,10,1,21.3,1
13267,19,4,22.7,1
13269,16,1,29.3,1
13271,22,1,31.0,1
13275,20,1,17.8,1
13279,20,1,19.7,1
13281,15,1,12.8,1
13285,18,1,18.5,1
13287,22,1,21.5,1
13289,20,1,14.9,1
13291,17,1,10.3,1
13293,19,1,21.3,1
13295,16,2,13.8,1
13299,22,2,,1
13303,12,1,,1
13305,20,2,20.5,1
13307,15,1,27.2,1
13309,19,1,21.4,1
13313,16,1,13.7,1
13315,16,2,23.1,1
13319,20,1,20.2,1
13321,21,2,20.1,1
15001,21,10,14.5,1
15003,21,44,14.2,1
15007,11,2,8.8,1
15009,21,7,9.8,1
16001,16,4,,1
16003,13,1,,1
16005,19,3,12.1,1
16007,16,3,10.1,1
16009,19,4,14.9,1
16011,20,7,10.9,1
16015,14,1,8.1,1
16017,12,2,10.7,1
16019,7,1,8.6,1
16021,13,3,17.1,1
16023,15,2,21.3,1
16025,8,1,6.6,1
16027,17,3,10.1,1
16029,14,1,7.2,1
16031,14,1,10.2,1
16033,7,1,12.7,1
16035,16,3,12.5,1
16037,16,3,11.5,1
16039,16,3,12.3,1
16041,6,1,8.3,1
16043,21,2,9.7,1
16047,17,2,15.3,1
16049,15,3,10.8,1
16051,14,1,9.2,1
16053,14,3,13.9,1
16055,17,1,,1
16057,16,6,15.2,1
16059,15,2,11.7,1
16061,13,2,17.3,1
16063,16,1,9.3,1
16065,17,1,26.8,1
16067,14,2,14.8,1
16069,17,2,13.1,1
16071,16,2,11.8,1
16073,13,1,13.3,1
16075,21,3,,1
16077,16,2,8.1,1
16079,16,2,15.0,1
16081,16,2,,1
16083,18,3,10.7,1
16085,14,3,11.0,1
16087,16,2,15.3,1
17001,16,7,12.4,1
17003,21,1,21.0,1
17005,16,3,12.6,1
17009,16,3,,1
17011,16,2,12.2,1
17013,16,2,5.8,1
17015,21,2,13.6,1
17017,21,3,13.8,1
17019,22,2,18.0,1
17021,18,1,11.1,1
17023,15,2,9.4,1
17025,16,5,16.7,1
17027,16,3,7.5,1
17029,16,1,18.3,1
17031,21,331,54.5,1
17033,16,4,,1
17037,17,1,15.9,1
17039,15,1,,1
17043,19,1,,1
17045,17,1,11.8,1
17047,16,2,15.1,1
17049,16,1,10.6,1
17051,17,1,16.4,1
17053,15,1,12.6,1
17055,21,4,16.9,1
17057,12,2,12.6,1
17059,12,1,15.5,1
17061,17,7,14.2,1
17065,17,3,12.5,1
17067,17,6,,1
17069,16,2,10.5,1
17071,19,2,11.5,1
17073,14,1,8.0,1
17075,16,7,13.3,1
17077,22,4,21.8,1
17081,17,2,14.1,1
17083,14,4,,1
17087,15,1,,1
17089,19,1,,1
17091,10,1,12.5,1
17095,19,4,15.8,1
17097,21,1,,1
17099,16,4,13.4,1
17101,16,4,14.6,1
17103,8,2,11.7,1
17105,16,2,,1
17107,6,1,,1
17109,17,2,19.9,1
17113,17,1,,1
17115,22,2,14.6,1
17117,20,2,14.3,1
17121,17,1,16.1,1
17123,9,1,11.7,1
17125,9,1,14.0,1
17127,18,4,14.9,1
17131,14,1,7.8,1
17135,17,2,13.7,1
17137,15,1,12.5,1
17141,8,1,8.9,1
17143,19,3,15.4,1
17145,17,3,16.9,1
17149,16,5,15.2,1
17151,18,1,14.3,1
17153,20,1,26.1,1
17155,11,1,12.2,1
17157,16,3,,1
17159,16,1,,1
17161,18,1,15.4,1
17163,23,1,,1
17165,19,5,17.1,1
17167,22,2,,1
17169,16,2,13.8,1
17171,18,1,10.5,1
17173,11,1,9.9,1
17175,12,1,12.0,1
17179,12,1,,1
17181,19,3,19.3,1
17183,19,5,17.2,1
17185,18,2,15.1,1
17187,16,3,12.8,1
17189,15,1,7.8,1
17191,16,2,13.8,1
17193,18,3,16.3,1
17195,18,2,,1
17197,17,1,,1
17199,21,7,14.2,1
17201,22,2,16.0,1
17203,16,4,7.6,1
18001,16,5,12.4,1
18003,20,74,22.2,1
18009,17,1,17.4,1
18017,14,2,12.7,1
18019,17,2,,1
18021,14,2,10.6,1
18023,16,1,8.5,1
18025,11,1,16.9,1
18027,11,1,10.4,1
18031,16,1,,1
18035,19,3,19.9,1
18039,19,3,12.5,1
18041,17,1,16.7,1
18045,10,1,12.4,1
18047,8,1,8.5,1
18049,12,1,12.6,1
18051,19,5,,1
18053,16,1,18.8,1
18055,18,1,,1
18057,19,1,,1
18063,12,2,,1
18065,14,2,13.0,1
18067,10,1,12.5,1
18069,12,5,14.0,1
18075,7,1,13.1,1
18077,10,2,11.2,1
18079,14,1,12.4,1
18081,19,2,,1
18083,16,2,13.3,1
18085,18,1,,1
18087,7,1,5.7,1
18089,19,6,27.0,1
18091,15,3,14.0,1
18093,8,1,11.2,1
18095,17,3,12.9,1
18097,23,17,24.5,1
18101,16,1,16.4,1
18103,13,2,15.1,1
18105,19,2,20.1,1
18107,16,2,11.9,1
18111,11,1,13.5,1
18113,12,1,8.5,1
18115,11,1,8.9,1
18117,19,2,16.9,1
18119,10,1,11.9,1
18121,16,2,17.1,1
18123,18,2,12.8,1
18125,14,3,12.2,1
18127,21,3,,1
18131,12,1,11.8,1
18133,12,2,8.0,1
18135,15,3,15.0,1
18141,12,1,14.5,1
18147,11,1,6.6,1
18149,18,2,14.8,1
18151,8,1,8.8,1
18153,6,1,,1
18157,19,4,19.0,1
18161,14,1,6.4,1
18163,18,2,14.3,1
18165,16,2,13.2,1
18167,19,4,20.0,1
18169,16,2,10.7,1
18171,9,1,12.7,1
18175,10,1,13.4,1
18177,19,2,16.8,1
18181,12,1,9.9,1
19001,11,1,10.3,1
19003,14,2,9.5,1
19005,15,1,12.0,1
19007,15,2,20.4,1
19009,15,2,,1
19011,14,5,7.8,1
19013,17,2,14.7,1
19017,14,3,,1
19019,13,2,7.0,1
19021,18,2,8.2,1
19023,14,2,10.6,1
19025,13,1,,1
19029,16,20,17.4,1
19031,11,1,7.2,1
19033,10,1,,1
19035,10,1,15.2,1
19037,15,2,7.0,1
19039,16,1,13.7,1
19043,15,4,13.6,1
19047,16,1,16.3,1
19049,15,3,11.3,1
19051,9,1,7.1,1
19053,16,2,15.2,1
19055,15,4,,1
19057,21,2,14.1,1
19061,16,11,15.9,1
19065,15,1,12.4,1
19067,15,1,11.3,1
19069,17,2,15.0,1
19071,14,2,,1
19073,15,1,10.4,1
19077,15,1,,1
19079,16,4,7.9,1
19081,10,1,,1
19085,14,4,,1
19087,15,4,12.0,1
19091,13,1,13.6,1
19093,16,1,,1
19097,7,1,10.3,1
19099,12,4,11.8,1
19101,15,2,14.5,1
19103,17,23,24.8,1
19105,12,2,10.4,1
19107,16,2,11.9,1
19109,9,1,9.6,1
19111,16,2,13.0,1
19113,16,1,,1
19115,16,3,9.8,1
19117,15,2,16.4,1
19123,16,1,11.8,1
19127,16,1,11.0,1
19131,15,4,6.8,1
19133,16,2,11.2,1
19137,16,2,,1
19139,16,3,23.4,1
19141,13,2,,1
19145,14,3,13.4,1
19147,13,3,,1
19151,14,1,8.7,1
19153,19,67,14.6,1
19155,11,17,9.1,1
19157,7,1,11.1,1
19161,14,3,7.9,1
19163,21,33,16.5,1
19165,13,4,,1
19167,16,1,,1
19169,17,1,18.5,1
19171,17,2,15.3,1
19173,16,3,10.3,1
19177,15,5,12.2,1
19179,18,3,16.7,1
19183,15,3,12.8,1
19185,14,1,15.0,1
19187,16,5,11.7,1
19189,15,1,9.8,1
19193,19,2,13.3,1
19197,15,3,14.7,1
20001,14,2,13.1,1
20003,15,2,10.9,1
20005,9,2,12.7,1
20007,16,3,17.6,1
20009,19,2,14.7,1
20011,15,1,11.7,1
20013,17,3,14.2,1
20015,6,1,,1
20017,13,1,10.5,1
20019,16,3,16.8,1
20023,20,3,17.4,1
20025,13,1,,1
20029,14,2,10.1,1
20035,19,5,13.8,1
20037,21,2,20.8,1
20039,14,1,12.9,1
20045,19,3,15.2,1
20047,10,2,16.4,1
20049,16,3,16.7,1
20051,10,3,17.7,1
20055,18,1,,1
20057,13,1,,1
20061,17,2,19.2,1
20063,14,1,4.0,1
20065,15,1,11.2,1
20067,11,1,,1
20069,13,1,6.9,1
20071,12,1,,1
20073,16,2,14.8,1
20077,17,3,15.2,1
20079,8,1,,1
20085,18,3,,1
20089,16,1,12.8,1
20091,18,1,,1
20099,17,3,,1
20103,12,1,,1
20105,8,1,11.8,1
20107,9,1,10.6,1
20111,18,2,,1
20115,13,1,10.0,1
20119,15,3,,1
20123,17,1,12.4,1
20125,17,8,16.2,1
20127,15,2,12.7,1
20129,15,2,,1
20133,15,6,15.4,1
20135,15,1,,1
20137,10,1,8.5,1
20141,13,2,12.4,1
20143,14,1,,1
20145,14,1,,1
20147,13,1,,1
20149,15,2,,1
20151,15,2,9.5,1
20153,14,2,10.0,1
20155,17,2,12.4,1
20161,15,1,22.0,1
20163,10,1,5.3,1
20165,12,1,,1
20167,11,1,,1
20169,17,2,12.3,1
20173,20,9,14.0,1
20175,13,1,12.9,1
20177,10,1,11.4,1
20179,13,1,,1
20181,14,1,,1
20185,10,1,10.8,1
20187,11,1,12.8,1
20189,14,1,15.2,1
20191,16,2,10.7,1
20199,17,2,12.8,1
20201,11,1,8.1,1
20203,0,1,,0
20205,13,2,15.7,1
20209,22,3,17.5,1
21001,17,1,18.0,1
21003,17,2,15.0,1
21005,16,2,12.4,1
21007,15,1,13.7,1
21009,16,1,21.0,1
21011,19,2,23.4,1
21013,19,3,27.1,1
21017,16,1,13.6,1
21019,18,2,17.7,1
21021,16,2,14.7,1
21023,18,1,20.1,1
21025,19,3,28.1,1
21027,10,1,21.3,1
21029,17,5,15.7,1
21031,15,1,18.5,1
21033,21,2,13.8,1
21035,17,1,17.2,1
21037,19,11,20.0,1
21039,9,1,16.6,1
21041,16,1,18.9,1
21043,18,2,19.5,1
21045,15,1,24.4,1
21047,17,5,17.2,1
21049,17,2,12.9,1
21051,21,7,31.7,1
21053,15,1,18.4,1
21055,18,2,18.1,1
21057,20,2,33.9,1
21059,22,1,,1
21061,17,2,16.8,1
21063,18,4,27.1,1
21065,18,3,21.9,1
21067,22,4,,1
21069,18,1,22.9,1
21071,23,4,26.6,1
21073,17,1,13.4,1
21075,21,1,25.6,1
21077,19,2,14.4,1
21079,18,3,17.0,1
21081,16,1,12.2,1
21083,16,1,20.5,1
21085,17,1,19.3,1
21087,18,1,21.4,1
21089,17,1,15.1,1
21091,16,2,15.8,1
21093,16,2,11.6,1
21095,21,3,27.2,1
21097,16,1,16.3,1
21099,17,4,21.2,1
21101,20,1,15.4,1
21103,17,2,15.4,1
21105,17,1,20.8,1
21107,18,1,19.1,1
21109,19,3,23.0,1
21111,22,113,35.0,1
21115,20,1,23.3,1
21119,9,1,25.9,1
21121,19,8,36.7,1
21123,19,1,18.8,1
21125,19,8,21.3,1
21127,17,1,21.9,1
21129,19,4,28.8,1
21131,19,2,27.3,1
21133,22,2,26.7,1
21135,21,2,22.6,1
21137,18,2,14.7,1
21139,18,3,18.8,1
21141,16,2,14.0,1
21143,15,1,10.6,1
21145,18,2,15.3,1
21147,21,5,35.1,1
21149,15,1,9.2,1
21151,21,5,15.8,1
21153,22,2,33.3,1
21155,18,3,19.5,1
21157,16,1,13.4,1
21159,20,2,29.2,1
21161,16,1,18.3,1
21163,12,1,13.7,1
21165,18,2,28.1,1
21167,9,1,14.7,1
21169,11,1,25.6,1
21171,20,1,22.2,1
21173,19,3,15.2,1
21175,19,2,18.2,1
21177,20,2,17.7,1
21179,16,6,9.4,1
21181,17,1,18.5,1
21183,14,1,13.0,1
21185,6,1,,1
21187,7,1,17.1,1
21189,20,2,24.8,1
21191,8,1,14.3,1
21193,22,3,25.5,1
21195,21,3,25.0,1
21197,18,2,21.7,1
21199,19,2,20.2,1
21201,19,1,27.4,1
21203,19,3,24.3,1
21205,17,1,24.5,1
21207,16,1,23.4,1
21211,14,4,13.1,1
21213,19,2,15.1,1
21215,14,2,8.7,1
21217,17,3,16.6,1
21219,16,4,21.6,1
21221,15,1,20.4,1
21223,17,2,15.4,1
21225,20,2,17.3,1
21227,21,2,16.7,1
21229,16,2,12.5,1
21231,20,3,24.3,1
21233,21,4,13.9,1
21235,22,8,25.0,1
21237,19,3,38.0,1
22001,15,1,24.3,1
22003,18,9,20.4,1
22005,15,4,34.0,1
22007,18,3,13.9,1
22009,22,10,27.3,1
22011,15,12,14.1,1
22013,19,1,32.1,1
22015,18,1,16.4,1
22017,22,4,22.3,1
22019,19,36,38.8,1
22021,15,1,25.3,1
22023,11,1,6.3,1
22025,18,2,28.0,1
22027,12,1,35.0,1
22029,17,1,34.7,1
22031,19,3,21.8,1
22033,21,4,,1
22035,21,2,35.6,1
22037,19,3,13.5,1
22039,18,5,22.9,1
22041,20,4,25.6,1
22043,21,2,16.1,1
22045,20,2,22.6,1
22047,16,5,15.5,1
22049,16,2,24.3,1
22051,17,52,25.1,1
22053,15,2,17.7,1
22055,13,2,17.4,1
22057,15,2,17.9,1
22059,15,3,15.4,1
22061,18,1,30.6,1
22063,12,1,13.1,1
22065,15,1,36.6,1
22067,20,4,30.6,1
22069,17,2,24.1,1
22071,22,8,22.6,1
22073,16,3,24.0,1
22075,12,2,13.3,1
22077,22,2,17.7,1
22079,18,3,18.9,1
22081,15,1,29.3,1
22083,20,3,23.5,1
22085,20,2,22.7,1
22091,15,1,30.0,1
22093,12,1,10.4,1
22095,20,1,12.5,1
22097,17,8,23.9,1
22099,18,1,16.5,1
22101,20,3,22.0,1
22105,17,5,19.4,1
22107,23,4,32.8,1
22109,17,2,16.4,1
22111,15,1,28.6,1
22113,16,6,19.2,1
22115,11,1,18.2,1
22117,19,2,24.1,1
22119,19,2,26.8,1
22125,17,3,11.6,1
22127,18,2,22.0,1
23001,12,3,,1
23003,13,42,19.9,1
23005,16,8,13.3,1
23007,18,10,16.8,1
23009,9,1,,1
23011,13,2,,1
23013,8,2,,1
23015,14,3,,1
23017,18,30,16.8,1
23019,19,49,23.9,1
23021,17,21,16.8,1
23025,13,17,16.8,1
23027,14,4,,1
23029,16,41,22.2,1
23031,14,6,7.8,1
24001,18,2,17.2,1
24003,18,1,,1
24011,20,2,12.3,1
24013,15,1,5.2,1
24015,20,2,9.7,1
24017,16,1,6.3,1
24019,19,1,16.2,1
24021,20,2,6.8,1
24023,18,1,,1
24029,17,1,11.5,1
24031,21,15,10.5,1
24033,22,1,,1
24035,16,1,5.7,1
24039,20,1,20.1,1
24043,21,3,12.2,1
24045,21,2,15.3,1
24047,15,1,9.0,1
24510,24,29,41.9,1
25001,16,4,,1
25003,16,22,15.0,1
25005,21,4,19.8,1
25007,15,3,5.3,1
25009,21,29,17.8,1
25011,18,23,13.7,1
25013,16,11,22.7,1
25015,15,8,6.8,1
25017,11,2,,1
25019,11,1,3.0,1
25021,17,1,,1
25023,13,2,,1
25025,19,16,,1
25027,15,12,19.7,1
26001,13,1,14.3,1
26003,14,2,,1
26005,18,2,9.0,1
26007,17,3,16.9,1
26011,18,4,15.7,1
26013,15,4,13.5,1
26015,14,4,,1
26017,14,1,14.0,1
26021,19,5,15.1,1
26023,15,2,15.4,1
26025,19,3,14.2,1
26027,19,4,13.1,1
26029,8,1,,1
26031,19,1,12.7,1
26033,18,6,15.6,1
26035,17,7,21.1,1
26039,13,1,11.4,1
26041,15,4,13.9,1
26043,15,7,,1
26045,14,22,14.5,1
26047,18,3,,1
26049,17,3,15.9,1
26051,16,2,13.1,1
26053,15,3,14.9,1
26055,6,1,,1
26057,15,9,14.2,1
26059,15,2,15.5,1
26061,14,4,15.5,1
26063,14,8,12.1,1
26065,17,14,14.5,1
26067,14,11,11.4,1
26069,17,6,16.6,1
26071,18,2,16.9,1
26073,16,9,23.1,1
26075,19,5,12.1,1
26077,19,2,13.2,1
26079,13,1,14.0,1
26081,18,5,17.3,1
26083,14,1,15.5,1
26085,20,2,20.6,1
26087,3,1,,1
26089,15,2,,1
26091,14,2,11.6,1
26095,18,3,17.2,1
26097,18,7,16.8,1
26099,22,2,,1
26101,15,3,11.7,1
26103,13,3,,1
26105,16,5,14.6,1
26107,17,4,17.9,1
26109,16,3,12.1,1
26113,15,1,10.7,1
26115,18,1,,1
26117,16,10,11.9,1
26119,19,2,17.9,1
26121,21,6,12.6,1
26123,16,7,14.2,1
26125,19,2,25.6,1
26127,16,4,13.2,1
26129,17,2,15.7,1
26131,17,1,12.5,1
26133,17,3,17.9,1
26135,16,1,15.7,1
26137,13,1,11.4,1
26139,15,1,9.0,1
26141,13,1,12.1,1
26143,17,2,15.4,1
26145,20,3,18.0,1
26147,19,2,12.4,1
26149,21,2,11.9,1
26151,15,6,13.9,1
26153,16,3,14.7,1
26155,14,1,10.9,1
26157,14,9,12.6,1
26159,19,8,13.8,1
26161,17,2,,1
26163,24,305,38.9,1
26165,14,1,12.9,1
27001,14,51,12.2,1
27003,6,1,,1
27005,18,4,11.0,1
27007,18,63,16.0,1
27009,14,1,9.7,1
27011,15,1,,1
27013,18,1,,1
27017,17,1,,1
27021,18,7,12.7,1
27023,14,2,14.4,1
27025,6,1,,1
27027,18,6,20.4,1
27029,13,3,11.2,1
27031,14,2,,1
27033,15,3,14.2,1
27035,13,18,11.8,1
27045,11,1,8.9,1
27047,15,19,10.1,1
27049,16,2,9.2,1
27051,14,23,9.6,1
27053,19,16,13.1,1
27057,12,1,9.6,1
27061,19,28,12.9,1
27063,16,3,9.1,1
27065,8,1,9.7,1
27069,15,3,9.6,1
27071,15,11,13.0,1
27073,13,4,7.9,1
27077,13,1,8.1,1
27079,13,1,7.0,1
27081,14,16,8.6,1
27083,15,26,14.0,1
27087,18,4,20.9,1
27089,11,1,7.4,1
27091,13,1,11.0,1
27093,13,1,,1
27095,16,29,11.8,1
27097,15,6,11.8,1
27099,14,15,6.5,1
27101,14,2,8.0,1
27105,14,1,12.6,1
27107,16,3,10.2,1
27109,12,1,,1
27111,14,86,9.6,1
27113,9,1,9.9,1
27115,17,3,10.5,1
27117,16,17,11.3,1
27121,13,2,9.8,1
27123,19,47,17.1,1
27125,15,1,,1
27127,15,42,11.8,1
27131,6,1,,1
27133,16,5,11.3,1
27135,9,1,10.9,1
27137,17,20,14.3,1
27139,18,1,,1
27141,12,1,,1
27143,13,5,9.8,1
27145,15,4,,1
27149,16,3,14.5,1
27151,15,3,10.8,1
27153,15,6,11.7,1
27155,15,2,10.1,1
27157,15,2,8.4,1
27159,16,4,11.3,1
27161,12,1,,1
27163,12,2,,1
27165,11,1,13.0,1
27167,10,1,14.6,1
27169,10,1,13.4,1
27173,13,2,,1
28001,19,1,28.1,1
28003,20,1,17.4,1
28005,25,4,27.0,1
28007,20,1,20.7,1
28009,21,2,17.5,1
28011,25,3,33.7,1
28013,20,1,18.6,1
28015,21,1,22.3,1
28017,18,1,24.0,1
28019,22,2,15.8,1
28021,25,2,27.1,1
28023,24,2,19.1,1
28025,22,1,24.7,1
28027,24,2,36.2,1
28029,22,1,22.9,1
28031,20,5,17.7,1
28035,22,2,21.4,1
28037,22,3,23.2,1
28039,15,1,18.7,1
28041,14,2,20.5,1
28043,21,1,22.3,1
28047,21,2,17.4,1
28049,23,3,21.6,1
28051,25,2,37.9,1
28053,22,1,26.4,1
28055,22,1,29.4,1
28057,24,2,10.8,1
28059,16,1,14.1,1
28061,15,1,18.9,1
28063,23,2,28.5,1
28065,21,2,25.0,1
28067,24,4,20.7,1
28069,21,1,24.6,1
28071,15,1,18.6,1
28073,20,2,16.1,1
28075,25,4,25.0,1
28077,19,1,23.8,1
28079,24,3,19.9,1
28081,18,1,13.7,1
28083,23,1,31.9,1
28085,21,1,21.3,1
28087,21,1,16.9,1
28089,25,11,16.4,1
28091,19,2,20.4,1
28093,23,3,22.7,1
28095,24,2,16.6,1
28097,18,1,25.6,1
28099,22,6,25.1,1
28101,21,2,21.9,1
28103,22,4,25.5,1
28105,19,1,28.5,1
28107,21,3,24.1,1
28109,18,2,16.4,1
28111,17,1,18.1,1
28113,22,1,27.4,1
28115,17,1,14.9,1
28117,19,1,13.5,1
28119,23,2,33.4,1
28121,22,2,,1
28123,20,4,20.6,1
28125,22,1,29.4,1
28127,20,4,19.3,1
28129,21,2,19.3,1
28131,17,1,17.8,1
28133,20,2,29.8,1
28135,23,3,26.4,1
28137,16,1,16.7,1
28139,18,1,18.8,1
28141,18,1,19.9,1
28143,23,2,33.7,1
28145,15,1,14.2,1
28147,21,2,18.1,1
28149,20,1,20.2,1
28151,24,2,28.8,1
28153,22,1,22.8,1
28157,18,4,28.1,1
28159,21,2,30.4,1
28161,22,3,22.7,1
28163,21,2,31.3,1
29001,20,4,20.3,1
29003,13,1,7.8,1
29005,15,1,12.5,1
29007,22,4,18.0,1
29009,17,4,16.6,1
29011,17,3,20.2,1
29013,17,6,18.7,1
29015,16,3,16.6,1
29017,17,1,12.1,1
29019,17,1,17.1,1
29021,20,3,16.8,1
29023,20,3,20.3,1
29025,16,1,13.0,1
29027,8,1,11.4,1
29029,17,6,13.1,1
29031,22,5,14.0,1
29033,16,2,11.6,1
29035,17,1,17.7,1
29039,16,5,16.9,1
29041,16,2,11.8,1
29043,16,2,8.6,1
29045,16,1,9.3,1
29049,10,1,12.7,1
29051,20,2,,1
29055,18,8,13.6,1
29057,16,2,14.1,1
29059,17,4,19.1,1
29061,12,1,13.2,1
29063,13,2,7.8,1
29065,17,4,14.2,1
29067,21,2,16.8,1
29069,21,6,23.5,1
29071,16,2,8.2,1
29073,16,2,11.2,1
29075,12,1,15.5,1
29077,21,5,14.3,1
29079,17,2,16.0,1
29081,16,2,16.0,1
29083,21,4,16.2,1
29085,19,2,19.5,1
29087,16,2,,1
29089,16,2,12.8,1
29091,21,8,21.3,1
29093,19,2,20.6,1
29095,22,4,,1
29097,17,4,18.3,1
29099,16,1,,1
29103,18,1,20.3,1
29105,17,4,18.5,1
29107,20,1,,1
29109,17,3,16.5,1
29111,14,3,,1
29113,16,1,,1
29115,15,1,12.7,1
29117,16,3,11.6,1
29119,18,6,17.2,1
29121,17,2,12.7,1
29123,18,2,13.9,1
29125,16,2,,1
29127,16,3,13.5,1
29129,16,2,14.7,1
29131,16,3,14.5,1
29133,20,5,23.0,1
29135,16,2,10.4,1
29137,18,2,14.1,1
29139,16,2,14.5,1
29141,17,2,16.9,1
29143,21,4,18.5,1
29145,21,6,13.4,1
29147,16,1,18.6,1
29149,18,3,21.9,1
29153,19,2,21.6,1
29155,21,5,23.5,1
29157,15,1,11.0,1
29159,21,4,13.4,1
29161,21,6,17.2,1
29163,17,8,16.2,1
29167,17,8,19.1,1
29169,21,5,12.7,1
29171,17,2,13.1,1
29173,18,1,14.1,1
29175,17,1,15.8,1
29177,12,1,12.0,1
29179,22,2,17.7,1
29181,18,1,19.7,1
29185,16,4,16.2,1
29186,17,6,14.9,1
29187,17,3,14.9,1
29189,17,1,,1
29195,17,3,14.6,1
29197,16,2,13.1,1
29201,23,11,14.4,1
29203,17,3,17.7,1
29205,16,2,15.6,1
29207,19,8,16.9,1
29209,16,4,13.9,1
29211,17,3,16.0,1
29213,16,6,14.4,1
29215,17,6,19.3,1
29217,17,3,20.2,1
29219,16,1,,1
29221,21,7,18.1,1
29223,20,2,25.1,1
29225,19,7,16.1,1
29227,8,1,17.5,1
29229,17,5,17.5,1
29510,24,4,,1
30001,13,1,14.6,1
30003,20,6,23.6,1
30005,21,3,19.8,1
30011,9,1,13.7,1
30013,21,4,13.1,1
30015,16,4,12.4,1
30017,15,2,12.8,1
30019,17,2,11.8,1
30023,16,1,18.1,1
30027,12,1,14.9,1
30029,19,3,9.5,1
30033,7,1,12.2,1
30035,21,6,30.2,1
30037,8,1,17.9,1
30039,15,2,10.4,1
30041,19,4,19.8,1
30043,15,1,6.2,1
30045,14,1,15.8,1
30047,19,12,,1
30049,18,3,8.7,1
30051,15,2,25.4,1
30053,18,5,16.1,1
30055,11,1,4.1,1
30057,16,3,,1
30061,16,1,17.8,1
30063,20,2,,1
30065,15,1,15.3,1
30067,16,2,,1
30069,5,1,6.4,1
30071,13,1,9.4,1
30073,20,3,22.8,1
30075,11,1,9.7,1
30077,16,3,6.3,1
30079,15,2,12.8,1
30081,18,2,,1
30083,7,1,5.8,1
30085,19,4,30.6,1
30087,18,3,21.5,1
30089,16,5,15.0,1
30091,11,1,,1
30093,20,2,,1
30095,13,1,8.2,1
30097,14,1,13.4,1
30099,17,2,10.4,1
30101,22,1,,1
30103,7,1,10.7,1
30105,13,1,12.8,1
30107,15,2,13.4,1
30111,21,3,,1
31005,14,1,11.9,1
31007,7,1,9.4,1
31009,5,1,10.6,1
31011,11,1,,1
31013,10,1,11.0,1
31015,13,1,10.9,1
31017,13,2,10.9,1
31019,14,1,11.5,1
31021,8,1,,1
31025,13,2,4.8,1
31027,8,1,8.7,1
31029,8,1,7.7,1
31031,18,2,7.2,1
31033,16,2,11.0,1
31035,16,1,,1
31037,13,5,8.7,1
31039,7,2,,1
31041,13,2,,1
31043,14,1,12.7,1
31045,10,2,11.0,1
31047,15,3,11.5,1
31049,10,1,9.0,1
31051,13,1,7.0,1
31053,10,1,,1
31055,18,4,,1
31057,16,2,13.1,1
31059,13,1,,1
31061,7,1,14.1,1
31063,14,1,12.0,1
31065,16,3,13.1,1
31067,11,3,,1
31069,10,1,14.0,1
31071,13,2,9.8,1
31073,13,2,7.0,1
31075,7,1,10.8,1
31077,13,3,11.1,1
31079,17,2,11.5,1
31085,7,1,12.3,1
31087,16,2,13.1,1
31089,13,4,10.9,1
31091,14,1,11.9,1
31093,14,1,,1
31095,13,1,,1
31097,13,1,,1
31101,15,2,11.9,1
31103,6,1,10.4,1
31105,10,1,11.0,1
31107,19,2,13.1,1
31109,19,3,,1
31111,14,1,11.9,1
31113,7,1,8.1,1
31115,7,1,8.1,1
31117,14,1,11.9,1
31119,14,3,,1
31121,12,1,,1
31123,16,3,12.4,1
31125,11,4,16.1,1
31127,9,1,13.0,1
31129,16,2,,1
31131,15,2,,1
31133,15,2,14.0,1
31135,14,1,11.9,1
31137,15,2,,1
31139,8,2,8.7,1
31141,16,1,,1
31145,16,2,13.1,1
31147,14,3,10.5,1
31149,13,2,10.9,1
31155,12,1,,1
31157,16,2,13.9,1
31161,18,3,10.7,1
31163,11,2,9.8,1
31165,7,1,11.4,1
31167,8,1,8.7,1
31169,16,5,9.0,1
31171,7,1,4.7,1
31173,20,5,12.7,1
31175,11,2,9.8,1
31179,8,1,8.7,1
31181,13,2,9.9,1
31183,5,1,5.2,1
32001,19,2,,1
32003,22,43,17.3,1
32005,18,5,9.7,1
32007,18,6,14.5,1
32009,8,1,19.3,1
32011,14,1,,1
32013,12,1,,1
32015,17,3,11.4,1
32017,17,1,,1
32019,17,6,9.7,1
32021,15,2,18.0,1
32023,14,3,14.6,1
32027,15,3,8.0,1
32029,19,1,7.0,1
32031,19,6,6.5,1
32033,14,4,,1
32510,20,2,,1
33001,7,1,7.3,1
33003,12,12,7.3,1
33005,11,3,7.7,1
33007,12,6,,1
33009,15,15,10.8,1
33011,20,10,7.7,1
33013,17,3,7.7,1
33015,14,1,,1
33017,7,4,7.3,1
33019,11,9,14.3,1
34001,10,1,,1
34005,12,3,,1
34007,8,3,,1
34009,12,21,9.9,1
34011,12,6,16.2,1
34013,15,90,24.6,1
34017,7,3,,1
34019,12,2,,1
34021,14,2,,1
34023,12,3,,1
34025,5,2,,1
34027,6,1,,1
34029,13,3,24.7,1
34031,8,1,,1
34033,18,1,31.2,1
34035,12,1,,1
34039,13,2,15.3,1
34041,9,1,,1
35001,22,11,15.7,1
35003,17,1,21.1,1
35005,15,1,22.2,1
35006,21,7,27.6,1
35007,19,1,16.9,1
35009,18,1,20.8,1
35011,19,2,20.5,1
35013,21,3,,1
35015,17,2,12.4,1
35017,18,1,19.5,1
35019,19,1,,1
35021,8,1,18.7,1
35023,21,2,20.5,1
35025,17,5,18.6,1
35027,19,1,,1
35029,18,1,26.1,1
35031,21,7,35.6,1
35033,24,2,18.7,1
35035,20,2,19.9,1
35037,14,1,25.4,1
35039,24,6,,1
35041,21,3,21.5,1
35043,20,12,,1
35045,19,6,23.1,1
35047,21,1,21.9,1
35049,23,4,,1
35051,19,2,24.9,1
35053,19,2,28.9,1
35055,22,3,14.4,1
35057,18,1,20.4,1
35061,19,1,18.4,1
36001,21,1,,1
36003,17,5,16.8,1
36005,19,346,38.2,1
36007,17,1,17.4,1
36009,19,3,16.5,1
36011,19,2,12.1,1
36013,21,3,18.2,1
36015,17,2,15.7,1
36019,17,1,15.0,1
36021,15,1,11.5,1
36023,18,2,13.7,1
36025,16,1,16.5,1
36029,22,11,12.0,1
36031,12,1,,1
36033,17,7,17.7,1
36035,16,1,14.9,1
36037,15,2,12.4,1
36039,16,2,12.9,1
36041,9,1,10.0,1
36043,17,3,14.5,1
36045,17,5,14.2,1
36047,20,621,36.3,1
36049,16,3,14.0,1
36051,13,1,13.1,1
36053,17,3,11.8,1
36055,20,90,32.5,1
36057,15,1,19.9,1
36061,20,118,33.3,1
36063,19,16,28.2,1
36065,21,4,15.4,1
36067,20,63,26.9,1
36069,16,5,18.5,1
36071,18,4,11.8,1
36073,16,2,13.7,1
36075,16,2,17.0,1
36077,12,1,15.3,1
36079,21,1,,1
36081,19,402,23.6,1
36085,18,33,21.8,1
36087,14,1,,1
36089,21,3,17.5,1
36093,21,2,19.3,1
36095,14,1,13.1,1
36097,15,1,14.6,1
36099,16,3,,1
36101,17,3,13.6,1
36105,17,1,15.1,1
36107,15,1,10.1,1
36109,16,1,18.8,1
36111,14,2,13.7,1
36113,15,2,10.4,1
36115,16,1,12.8,1
36119,18,23,27.7,1
36121,16,1,10.4,1
36123,21,2,,1
37001,11,1,14.1,1
37003,14,2,12.0,1
37005,19,2,17.3,1
37007,21,3,21.2,1
37009,17,1,14.0,1
37011,14,3,10.9,1
37013,22,2,18.0,1
37015,19,3,19.7,1
37017,19,2,21.2,1
37019,17,12,15.3,1
37021,19,4,,1
37023,13,2,17.9,1
37025,20,4,13.0,1
37027,13,2,12.6,1
37029,15,1,5.0,1
37031,16,7,11.3,1
37033,19,2,15.7,1
37035,12,1,12.8,1
37037,12,10,13.2,1
37039,18,4,14.6,1
37041,21,1,20.5,1
37043,16,2,13.4,1
37045,11,1,17.2,1
37047,19,4,18.7,1
37049,14,3,13.9,1
37051,19,17,15.6,1
37057,16,1,13.8,1
37059,16,3,13.1,1
37061,18,2,17.8,1
37063,15,1,,1
37065,22,3,21.8,1
37067,21,36,26.2,1
37069,16,1,10.0,1
37071,20,2,12.7,1
37073,22,1,,1
37075,14,3,8.7,1
37077,18,4,14.0,1
37079,21,4,22.3,1
37081,23,95,20.5,1
37083,22,3,25.1,1
37085,21,3,14.5,1
37087,13,2,11.2,1
37089,18,22,13.7,1
37091,23,2,21.4,1
37093,17,2,17.3,1
37095,16,2,22.4,1
37097,16,26,14.0,1
37099,18,3,19.3,1
37101,20,14,17.4,1
37103,18,1,21.2,1
37105,14,1,15.4,1
37107,21,2,22.4,1
37109,14,3,14.2,1
37111,17,6,13.9,1
37113,19,2,15.4,1
37115,17,2,11.4,1
37117,16,1,19.6,1
37119,22,165,16.4,1
37121,17,3,14.0,1
37123,17,1,16.0,1
37127,17,2,14.0,1
37129,17,3,16.5,1
37131,16,1,19.9,1
37133,12,1,11.7,1
37135,18,1,,1
37137,17,2,12.3,1
37139,15,2,10.0,1
37141,18,3,15.0,1
37143,17,1,11.3,1
37145,21,2,18.4,1
37147,18,1,19.4,1
37149,15,1,13.6,1
37151,13,1,14.7,1
37153,19,2,25.1,1
37155,24,4,28.7,1
37157,18,1,18.8,1
37159,17,2,15.8,1
37161,17,2,17.6,1
37163,16,2,20.2,1
37165,22,6,26.5,1
37167,12,1,14.2,1
37169,14,1,11.9,1
37171,16,1,16.6,1
37173,20,5,21.0,1
37175,16,1,14.1,1
37177,16,1,20.8,1
37179,12,27,11.0,1
37181,18,1,18.9,1
37183,20,30,25.2,1
37185,22,2,22.2,1
37187,20,1,24.7,1
37189,18,2,24.6,1
37191,17,1,16.9,1
37193,18,2,17.1,1
37195,20,2,21.0,1
37197,18,1,13.6,1
37199,14,2,14.0,1
38005,20,16,16.6,1
38007,7,1,12.9,1
38009,15,2,7.5,1
38011,15,2,9.5,1
38013,15,2,5.1,1
38015,6,1,,1
38017,21,1,,1
38019,16,1,,1
38023,13,2,7.2,1
38025,17,2,20.9,1
38027,17,8,16.6,1
38029,15,2,8.4,1
38033,12,1,18.0,1
38035,18,1,,1
38037,14,1,17.4,1
38039,15,2,10.1,1
38041,16,1,9.3,1
38043,14,1,10.3,1
38045,15,3,10.8,1
38047,15,2,11.4,1
38049,11,1,9.8,1
38051,17,3,15.4,1
38053,17,4,20.9,1
38055,17,9,20.9,1
38057,17,2,20.9,1
38061,17,18,20.9,1
38063,17,3,16.6,1
38065,10,1,4.7,1
38067,16,3,8.7,1
38069,14,1,,1
38071,17,5,16.6,1
38073,15,1,,1
38075,8,1,7.1,1
38077,17,1,,1
38079,20,4,25.0,1
38085,23,4,42.7,1
38087,7,1,6.4,1
38093,6,1,,1
38095,16,2,11.5,1
38099,15,2,10.5,1
38103,17,1,16.6,1
38105,18,3,,1
39001,15,2,20.3,1
39003,19,3,13.1,1
39005,11,1,13.7,1
39007,15,1,18.2,1
39009,16,1,22.1,1
39011,6,1,7.4,1
39013,16,3,14.2,1
39015,15,3,17.4,1
39017,19,34,24.3,1
39019,16,1,12.4,1
39021,12,1,8.2,1
39023,20,2,15.5,1
39025,17,1,,1
39027,14,1,14.7,1
39029,19,3,13.8,1
39031,16,1,18.7,1
39033,16,1,13.2,1
39035,23,251,28.3,1
39037,12,2,11.2,1
39039,9,4,15.2,1
39041,16,2,17.1,1
39043,19,12,21.7,1
39045,18,12,17.2,1
39047,15,1,16.0,1
39049,20,168,35.9,1
39053,15,1,14.8,1
39057,15,15,18.1,1
39059,13,1,15.7,1
39061,22,165,23.4,1
39063,12,9,13.0,1
39065,15,1,18.1,1
39067,15,1,14.5,1
39071,17,2,14.4,1
39073,17,1,17.0,1
39075,11,1,8.8,1
39077,10,1,11.9,1
39079,15,1,17.6,1
39081,15,1,16.9,1
39083,18,2,11.0,1
39085,20,9,25.7,1
39087,19,3,17.5,1
39091,16,2,11.2,1
39093,20,31,29.1,1
39095,22,122,26.3,1
39097,11,3,9.6,1
39099,18,3,18.2,1
39101,17,3,15.3,1
39103,18,1,,1
39105,18,1,22.0,1
39109,15,5,13.7,1
39111,14,1,15.1,1
39113,19,80,23.1,1
39115,17,2,14.2,1
39117,11,1,10.8,1
39119,11,1,15.6,1
39121,11,2,11.6,1
39127,16,1,14.7,1
39129,10,3,12.1,1
39131,19,2,19.9,1
39133,19,15,20.4,1
39137,7,1,7.1,1
39139,19,4,13.9,1
39141,18,4,16.8,1
39143,17,2,13.2,1
39145,19,4,22.3,1
39151,19,4,12.7,1
39153,20,59,29.9,1
39155,15,2,16.7,1
39157,18,5,12.9,1
39159,3,1,,1
39161,20,2,9.5,1
39163,17,1,16.7,1
39165,19,8,16.1,1
39167,16,1,12.8,1
39171,13,1,11.9,1
39173,19,9,35.9,1
40001,18,2,21.5,1
40003,19,2,13.9,1
40005,18,2,17.6,1
40007,15,3,9.7,1
40009,6,1,,1
40011,17,2,15.2,1
40013,18,3,17.3,1
40015,18,4,18.9,1
40017,18,2,,1
40019,17,4,15.0,1
40021,20,8,19.3,1
40023,18,1,,1
40025,15,2,10.4,1
40027,17,3,,1
40029,18,1,21.3,1
40031,21,3,17.7,1
40033,13,1,22.8,1
40035,18,2,19.5,1
40037,17,2,13.9,1
40039,19,2,16.4,1
40041,18,2,18.5,1
40043,16,2,14.4,1
40045,20,2,13.8,1
40047,14,1,12.6,1
40049,21,1,,1
40053,14,1,13.4,1
40055,15,2,14.6,1
40057,20,2,16.9,1
40059,15,3,15.9,1
40061,19,3,19.9,1
40063,21,3,,1
40065,15,1,15.9,1
40067,17,1,22.7,1
40069,19,2,,1
40071,18,3,15.5,1
40075,16,1,25.0,1
40077,18,2,19.1,1
40079,18,2,19.9,1
40081,18,3,,1
40083,15,1,,1
40085,16,1,14.7,1
40087,17,1,,1
40089,19,5,21.0,1
40091,18,3,20.9,1
40093,15,2,11.4,1
40095,17,1,16.5,1
40097,18,2,17.6,1
40099,16,2,12.8,1
40101,18,2,20.2,1
40103,16,1,11.4,1
40105,17,1,,1
40107,18,3,27.3,1
40109,19,37,21.0,1
40111,18,2,,1
40113,21,5,12.6,1
40115,19,5,20.7,1
40117,18,2,17.0,1
40119,18,2,23.8,1
40121,18,5,18.2,1
40123,18,2,12.5,1
40125,18,3,,1
40127,21,2,23.6,1
40129,10,1,15.4,1
40131,17,1,,1
40133,19,3,22.4,1
40135,19,2,20.3,1
40137,18,1,17.5,1
40139,20,1,,1
40141,17,1,17.1,1
40143,19,8,14.6,1
40145,19,2,,1
40147,17,2,14.6,1
40149,17,1,12.6,1
40151,11,1,19.0,1
40153,14,1,11.0,1
41001,11,2,,1
41003,18,1,,1
41005,16,15,8.8,1
41007,16,5,12.3,1
41009,15,3,8.7,1
41011,21,4,,1
41013,16,3,9.6,1
41015,16,1,13.2,1
41017,16,1,,1
41019,21,12,14.0,1
41021,15,2,11.5,1
41023,15,2,15.2,1
41025,10,5,12.7,1
41027,15,2,6.1,1
41029,19,3,12.4,1
41031,18,2,,1
41033,19,2,15.7,1
41035,19,3,18.3,1
41037,20,2,17.8,1
41039,18,7,15.2,1
41041,18,3,15.7,1
41043,13,2,12.8,1
41045,16,3,17.8,1
41047,20,10,12.9,1
41049,18,4,14.1,1
41051,20,15,,1
41053,17,2,12.9,1
41055,16,2,17.8,1
41057,20,6,,1
41059,17,5,12.6,1
41061,15,6,15.8,1
41063,7,3,9.6,1
41065,15,5,12.1,1
41067,18,2,,1
41069,15,2,11.5,1
41071,16,2,12.1,1
42003,21,6,,1
42005,16,2,11.4,1
42007,15,2,29.6,1
42009,19,37,11.7,1
42011,21,30,27.1,1
42013,13,1,11.7,1
42015,13,16,13.0,1
42019,16,6,11.4,1
42021,13,4,14.1,1
42023,18,2,,1
42025,5,1,,1
42027,12,9,14.8,1
42029,18,2,,1
42031,16,6,11.4,1
42033,10,12,14.8,1
42035,13,8,19.6,1
42039,14,6,,1
42041,12,2,,1
42043,17,1,,1
42045,17,25,21.1,1
42049,14,5,,1
42051,3,1,,1
42053,14,3,,1
42055,12,3,16.1,1
42057,15,2,11.7,1
42059,10,2,,1
42061,15,14,11.7,1
42063,14,2,12.8,1
42065,15,2,15.2,1
42069,10,2,,1
42071,15,1,,1
42077,9,2,,1
42079,11,4,,1
42081,13,7,13.0,1
42083,15,16,13.3,1
42085,10,2,,1
42091,3,1,,1
42097,6,2,,1
42101,17,13,,1
42105,17,34,14.6,1
42107,12,4,,1
42111,14,11,11.3,1
42113,13,1,13.0,1
42115,17,6,10.9,1
42117,14,20,14.6,1
42119,12,2,,1
42121,16,6,11.4,1
42123,12,23,11.7,1
42125,11,1,,1
42127,12,2,,1
42129,17,1,,1
42133,13,1,,1
44003,17,1,,1
44005,11,1,,1
44007,17,9,20.0,1
44009,17,4,10.1,1
45001,17,3,14.1,1
45003,18,2,13.8,1
45005,22,3,26.4,1
45007,9,1,14.3,1
45009,19,2,21.6,1
45011,16,1,28.5,1
45013,20,2,11.5,1
45015,12,2,10.3,1
45017,12,1,22.7,1
45019,19,2,,1
45021,18,3,18.4,1
45023,14,1,19.3,1
45025,17,2,20.1,1
45027,16,2,18.5,1
45029,13,1,18.6,1
45031,20,3,18.9,1
45033,19,2,29.2,1
45035,12,2,11.5,1
45037,12,3,16.4,1
45039,15,1,16.9,1
45041,18,3,18.9,1
45043,10,1,14.4,1
45045,12,10,12.8,1
45047,19,2,17.1,1
45049,21,4,20.0,1
45051,20,4,12.8,1
45053,12,2,11.5,1
45055,9,1,14.0,1
45057,14,6,17.5,1
45059,17,2,17.6,1
45061,24,2,23.2,1
45063,15,69,12.8,1
45065,19,2,17.9,1
45067,22,1,27.3,1
45069,21,4,26.1,1
45071,18,1,16.0,1
45073,15,2,16.3,1
45075,22,2,22.7,1
45077,15,2,17.2,1
45079,12,2,16.8,1
45081,9,1,19.3,1
45083,18,3,14.5,1
45085,14,3,16.3,1
45087,15,1,22.7,1
45089,21,3,23.6,1
45091,19,58,15.1,1
46005,16,1,13.7,1
46007,18,3,31.9,1
46009,15,4,11.8,1
46011,15,1,12.8,1
46013,15,1,10.5,1
46015,14,1,10.5,1
46017,17,2,17.4,1
46019,14,1,7.2,1
46021,15,2,8.4,1
46023,21,3,22.8,1
46025,17,2,11.1,1
46027,15,1,19.8,1
46031,22,4,45.2,1
46035,14,1,12.3,1
46037,15,2,13.9,1
46039,16,2,6.7,1
46041,19,5,32.3,1
46045,16,3,8.5,1
46047,15,1,19.7,1
46049,15,2,25.5,1
46055,7,1,8.1,1
46063,9,1,5.5,1
46065,20,3,9.1,1
46067,15,2,,1
46069,9,1,8.1,1
46071,15,1,,1
46073,17,1,17.4,1
46075,10,1,15.8,1
46077,15,1,9.7,1
46083,14,1,,1
46085,18,2,24.5,1
46089,15,2,12.5,1
46091,13,1,7.8,1
46093,13,1,7.6,1
46095,16,1,46.1,1
46097,17,2,10.3,1
46099,18,3,,1
46101,18,2,9.9,1
46102,16,4,52.7,1
46103,18,3,,1
46105,13,1,11.7,1
46107,15,1,7.7,1
46109,18,3,17.3,1
46111,17,1,17.4,1
46115,11,1,9.2,1
46117,15,2,2.0,1
46119,15,1,7.7,1
46121,22,2,49.0,1
46123,18,2,18.9,1
46129,17,2,15.2,1
46135,6,1,,1
46137,10,3,,1
47001,13,1,14.8,1
47003,17,3,13.6,1
47005,16,1,18.4,1
47007,15,2,24.9,1
47011,14,1,13.1,1
47013,21,4,19.1,1
47015,17,1,16.5,1
47017,17,2,16.4,1
47019,15,1,16.2,1
47021,8,1,8.1,1
47023,17,3,15.5,1
47025,16,2,18.1,1
47027,11,1,21.0,1
47029,19,2,20.2,1
47031,14,3,14.5,1
47033,16,1,14.8,1
47035,17,3,13.4,1
47037,21,70,16.9,1
47039,17,1,21.6,1
47041,14,1,17.3,1
47043,16,2,,1
47045,17,1,17.8,1
47047,13,1,10.8,1
47049,18,2,20.9,1
47051,14,1,14.5,1
47053,16,2,13.4,1
47055,16,1,14.3,1
47057,19,1,16.3,1
47059,13,1,15.1,1
47061,14,1,19.1,1
47063,14,1,14.5,1
47065,17,62,16.1,1
47067,17,1,31.4,1
47069,19,5,17.3,1
47071,21,2,20.8,1
47073,17,2,15.5,1
47075,18,1,22.7,1
47077,17,2,16.8,1
47079,16,2,18.3,1
47081,13,1,14.0,1
47083,18,1,13.7,1
47085,17,3,13.7,1
47087,11,1,21.0,1
47089,14,1,14.5,1
47091,18,2,22.0,1
47093,19,1,,1
47095,23,3,32.3,1
47099,15,1,15.2,1
47101,13,1,15.8,1
47103,16,1,12.4,1
47107,14,1,13.3,1
47109,18,1,16.1,1
47111,16,1,13.9,1
47113,16,1,18.5,1
47115,17,1,16.9,1
47117,16,1,14.2,1
47119,16,1,,1
47121,14,2,14.2,1
47123,18,4,16.0,1
47127,14,1,14.5,1
47129,20,2,18.8,1
47131,17,1,18.1,1
47133,12,1,18.0,1
47135,19,2,17.7,1
47137,19,1,25.8,1
47139,19,3,13.3,1
47141,15,2,16.3,1
47143,15,2,15.3,1
47145,14,1,12.7,1
47147,8,1,10.2,1
47149,18,17,16.7,1
47151,22,2,24.8,1
47153,14,1,23.5,1
47155,17,2,13.6,1
47157,22,170,34.3,1
47159,13,1,13.2,1
47163,15,1,15.5,1
47165,21,20,14.2,1
47167,17,1,11.5,1
47169,16,1,13.9,1
47171,15,1,16.2,1
47173,15,1,13.9,1
47175,15,1,,1
47177,15,4,17.3,1
47179,19,2,16.2,1
47181,10,1,18.5,1
47183,17,1,18.1,1
47185,15,1,16.3,1
47187,17,2,,1
47189,12,9,13.9,1
48001,11,2,17.0,1
48003,16,2,14.2,1
48005,16,1,16.2,1
48007,14,1,18.6,1
48009,15,1,11.7,1
48011,11,1,5.8,1
48013,18,2,16.1,1
48017,13,1,13.5,1
48019,17,1,16.1,1
48021,18,2,12.4,1
48023,16,1,20.7,1
48025,16,1,16.9,1
48027,17,1,14.6,1
48029,21,59,28.0,1
48031,11,1,8.6,1
48033,7,1,4.8,1
48035,13,1,9.1,1
48037,18,2,16.2,1
48039,21,1,,1
48041,21,3,23.8,1
48043,18,2,8.4,1
48045,14,1,15.3,1
48047,22,1,30.6,1
48049,12,1,14.5,1
48051,15,1,12.6,1
48055,10,1,13.8,1
48057,14,1,8.7,1
48061,17,55,23.9,1
48063,16,1,22.4,1
48065,15,1,7.2,1
48067,14,1,17.2,1
48069,13,1,13.9,1
48071,17,2,,1
48073,15,1,17.9,1
48075,15,1,,1
48077,14,1,10.4,1
48079,15,1,27.3,1
48081,15,1,14.1,1
48083,16,1,15.0,1
48087,18,2,26.1,1
48089,16,1,,1
48093,19,1,,1
48095,10,1,13.3,1
48097,16,2,14.0,1
48099,13,1,9.8,1
48103,16,1,8.2,1
48107,17,1,22.0,1
48109,17,1,17.6,1
48111,13,1,8.8,1
48113,21,7,,1
48115,16,2,17.6,1
48117,15,2,15.8,1
48121,21,1,,1
48123,14,4,15.8,1
48125,13,2,14.5,1
48127,18,2,44.8,1
48129,17,2,8.3,1
48131,20,1,29.0,1
48133,12,1,14.6,1
48135,21,2,15.2,1
48137,9,1,25.2,1
48139,21,1,,1
48141,22,63,14.4,1
48143,17,1,15.9,1
48145,17,2,14.5,1
48147,16,1,14.2,1
48149,19,1,,1
48151,15,1,10.3,1
48153,9,1,18.1,1
48155,11,1,20.8,1
48157,19,1,,1
48159,14,2,11.0,1
48161,15,2,14.3,1
48163,21,3,19.5,1
48165,13,1,7.3,1
48167,21,3,11.0,1
48169,14,1,14.0,1
48173,9,1,8.5,1
48175,15,2,9.2,1
48177,17,2,14.5,1
48179,18,1,16.2,1
48183,17,4,17.0,1
48185,16,1,13.3,1
48189,19,2,18.9,1
48191,20,1,16.3,1
48193,15,1,18.3,1
48195,12,1,7.7,1
48199,12,1,12.3,1
48201,22,15,,1
48203,21,2,17.3,1
48205,13,1,8.8,1
48207,19,2,14.1,1
48213,17,2,14.1,1
48215,20,39,29.8,1
48217,16,2,14.2,1
48219,19,2,12.6,1
48223,16,1,12.2,1
48225,13,1,16.2,1
48227,21,3,,1
48229,21,1,18.9,1
48231,21,2,12.4,1
48233,12,1,11.5,1
48235,13,1,7.4,1
48237,15,2,13.4,1
48239,13,2,14.1,1
48241,14,1,22.2,1
48245,23,4,18.7,1
48247,23,1,31.4,1
48249,19,2,23.2,1
48253,16,2,12.6,1
48255,15,2,21.3,1
48261,5,1,5.8,1
48263,15,2,8.3,1
48267,15,2,15.0,1
48269,6,1,15.3,1
48271,7,1,11.3,1
48273,10,1,28.8,1
48275,10,1,11.3,1
48277,15,1,18.7,1
48279,15,2,15.9,1
48281,12,1,9.1,1
48283,21,2,22.0,1
48285,13,1,9.4,1
48287,11,1,12.2,1
48289,16,1,14.3,1
48291,21,1,,1
48293,20,4,19.3,1
48295,15,1,13.5,1
48297,21,2,17.2,1
48299,16,1,11.7,1
48301,5,1,9.2,1
48303,22,66,24.1,1
48305,19,2,17.4,1
48307,14,1,14.5,1
48309,11,2,17.1,1
48311,7,1,9.1,1
48313,16,1,13.4,1
48315,14,1,18.3,1
48317,14,1,8.1,1
48319,9,1,6.4,1
48321,19,2,21.7,1
48323,19,3,22.6,1
48327,21,2,21.0,1
48329,21,1,,1
48331,14,1,15.7,1
48337,8,1,13.5,1
48339,21,2,,1
48341,17,1,15.3,1
48343,13,1,16.8,1
48345,9,1,9.7,1
48347,19,2,22.2,1
48349,14,2,16.8,1
48351,18,1,22.4,1
48353,15,1,18.8,1
48355,14,3,17.6,1
48357,17,1,15.5,1
48359,12,1,17.6,1
48361,16,1,12.6,1
48363,16,1,17.0,1
48367,14,1,,1
48369,14,1,9.6,1
48371,22,4,27.3,1
48373,20,2,18.0,1
48375,10,36,14.5,1
48377,16,1,36.3,1
48379,12,1,12.8,1
48381,10,29,14.5,1
48383,12,1,11.1,1
48385,18,1,20.5,1
48389,19,2,21.8,1
48391,13,1,17.2,1
48393,7,1,6.4,1
48395,16,2,16.5,1
48399,15,1,10.4,1
48401,17,2,14.2,1
48403,16,1,14.3,1
48405,12,1,27.4,1
48407,17,1,17.7,1
48409,18,1,15.1,1
48411,15,1,14.4,1
48413,17,1,8.9,1
48415,15,1,9.7,1
48417,17,1,,1
48419,21,2,23.5,1
48421,13,1,6.2,1
48423,14,2,12.2,1
48427,20,1,33.5,1
48429,17,1,13.5,1
48431,13,1,2.7,1
48433,16,2,8.7,1
48435,13,1,11.5,1
48437,18,1,29.4,1
48439,21,3,,1
48441,15,1,13.5,1
48443,17,1,,1
48445,18,1,21.8,1
48447,7,1,13.9,1
48449,15,2,17.3,1
48451,16,2,11.7,1
48453,19,2,,1
48455,17,1,16.1,1
48457,14,1,19.5,1
48459,16,1,13.2,1
48461,16,2,17.0,1
48463,19,1,,1
48465,14,2,18.2,1
48467,16,1,11.4,1
48469,9,1,15.9,1
48471,18,1,17.9,1
48475,18,2,14.5,1
48479,21,70,28.1,1
48481,13,1,14.4,1
48483,15,2,14.2,1
48485,19,4,15.8,1
48489,18,1,24.6,1
48491,19,1,,1
48493,9,1,9.7,1
48495,17,1,,1
48497,16,1,,1
48499,14,1,12.6,1
48503,16,1,16.6,1
48505,19,2,37.4,1
48507,19,4,36.3,1
49003,16,1,,1
49005,13,1,13.0,1
49007,17,5,17.3,1
49009,7,1,10.1,1
49011,16,1,,1
49013,10,1,13.3,1
49015,18,2,11.2,1
49017,14,3,11.1,1
49019,16,1,16.9,1
49021,13,3,13.3,1
49025,13,1,13.1,1
49027,7,1,,1
49029,12,1,1.7,1
49031,12,2,11.1,1
49035,19,5,,1
49037,20,9,,1
49039,12,3,15.3,1
49041,14,3,14.9,1
49045,16,3,4.6,1
49047,18,6,8.7,1
49049,18,1,,1
49053,17,6,11.7,1
49055,11,1,,1
49057,16,2,,1
50001,9,1,,1
50003,7,1,,1
50005,6,1,,1
50007,8,1,,1
50009,9,1,14.2,1
50011,8,2,,1
50013,12,1,7.5,1
50015,6,1,,1
50017,8,3,9.3,1
50021,8,1,,1
50023,3,1,,1
50027,14,1,,1
51001,18,2,15.4,1
51005,19,1,15.9,1
51007,16,1,11.1,1
51009,16,2,10.7,1
51011,16,1,12.2,1
51013,13,12,13.0,1
51015,6,1,,1
51017,11,1,21.0,1
51019,7,1,8.0,1
51021,21,3,12.6,1
51023,11,2,10.6,1
51025,21,2,15.2,1
51027,18,2,23.9,1
51029,17,2,,1
51031,14,1,10.1,1
51033,16,2,11.5,1
51035,17,2,17.6,1
51036,14,1,11.4,1
51037,17,1,24.5,1
51045,12,1,14.0,1
51047,10,2,8.1,1
51049,18,1,7.6,1
51051,18,1,20.1,1
51057,19,1,15.4,1
51059,16,16,13.0,1
51063,10,1,8.2,1
51065,12,1,11.8,1
51067,16,3,11.5,1
51069,16,2,8.0,1
51071,16,2,8.9,1
51073,7,1,6.7,1
51077,18,2,17.6,1
51081,17,2,13.5,1
51083,19,1,17.9,1
51089,15,1,16.2,1
51091,15,2,10.3,1
51095,9,1,,1
51097,15,2,18.4,1
51099,13,1,6.5,1
51101,16,5,7.9,1
51103,12,1,11.6,1
51105,21,3,27.5,1
51107,14,1,,1
51109,9,1,10.0,1
51111,18,3,15.9,1
51115,12,1,7.8,1
51117,13,2,17.3,1
51119,11,1,9.5,1
51121,17,2,23.7,1
51125,20,2,14.3,1
51131,17,1,15.4,1
51133,12,1,11.6,1
51135,18,2,18.9,1
51139,16,4,11.3,1
51141,18,2,10.8,1
51143,21,2,15.0,1
51145,3,1,,1
51147,17,1,21.6,1
51149,12,1,,1
51153,19,2,6.7,1
51155,11,1,20.1,1
51157,10,1,9.4,1
51159,18,2,12.5,1
51163,20,2,11.6,1
51165,14,1,15.1,1
51167,18,2,18.1,1
51169,21,2,18.0,1
51171,16,4,11.3,1
51173,17,2,16.5,1
51175,20,3,11.2,1
51179,16,1,4.4,1
51181,14,1,11.5,1
51183,18,4,12.1,1
51185,18,3,19.2,1
51187,12,4,11.3,1
51191,14,1,12.7,1
51193,13,1,12.5,1
51195,14,3,18.5,1
51197,10,1,15.6,1
51510,13,10,13.0,1
51520,14,1,12.7,1
51530,13,1,11.6,1
51550,12,2,,1
51580,19,1,15.9,1
51590,21,2,24.9,1
51595,17,1,13.5,1
51620,12,1,11.2,1
51640,18,2,17.6,1
51650,16,1,13.0,1
51660,19,2,15.1,1
51670,20,1,23.7,1
51678,16,3,11.6,1
51680,19,3,17.3,1
51683,16,1,6.7,1
51685,16,1,6.7,1
51690,20,3,16.2,1
51700,20,2,15.1,1
51710,16,1,17.2,1
51720,14,1,18.5,1
51730,19,1,21.0,1
51740,21,2,17.5,1
51750,11,1,20.1,1
51760,20,4,18.8,1
51770,17,2,19.6,1
51830,16,1,14.1,1
51840,16,1,8.0,1
53001,16,3,20.4,1
53003,15,1,14.9,1
53005,15,4,11.0,1
53007,13,5,8.6,1
53009,16,34,17.8,1
53013,14,1,11.5,1
53015,17,4,13.0,1
53017,9,2,8.6,1
53019,17,5,15.5,1
53021,18,3,13.0,1
53023,15,2,10.7,1
53025,18,10,14.9,1
53027,17,12,14.1,1
53029,15,1,6.9,1
53031,16,18,17.8,1
53033,21,39,9.3,1
53035,18,3,,1
53037,15,4,14.3,1
53039,16,3,13.7,1
53041,15,11,12.9,1
53043,12,1,10.4,1
53045,17,5,12.6,1
53047,20,10,18.5,1
53049,16,6,11.5,1
53051,15,4,13.6,1
53053,20,32,7.9,1
53055,9,1,10.4,1
53057,17,4,11.5,1
53059,13,1,8.2,1
53061,20,18,16.8,1
53063,20,135,15.8,1
53065,18,6,12.9,1
53067,17,3,,1
53069,14,1,15.7,1
53071,14,2,11.5,1
53073,18,4,12.7,1
53075,15,1,23.6,1
53077,18,19,15.4,1
54001,19,2,20.8,1
54003,19,2,,1
54005,20,5,17.3,1
54007,17,1,18.8,1
54009,16,1,12.1,1
54011,19,2,19.8,1
54013,19,2,33.3,1
54015,21,1,24.9,1
54017,14,1,14.5,1
54019,22,3,18.7,1
54021,14,2,12.9,1
54023,16,1,13.4,1
54025,19,3,20.7,1
54027,17,2,14.1,1
54029,17,2,14.9,1
54031,18,2,17.6,1
54033,14,1,13.5,1
54035,18,2,17.5,1
54037,12,1,8.8,1
54039,20,2,16.1,1
54041,15,1,19.3,1
54043,23,2,20.6,1
54045,21,5,21.4,1
54047,23,7,30.9,1
54049,17,2,13.5,1
54051,17,1,15.0,1
54053,12,2,17.8,1
54055,23,2,17.9,1
54057,15,1,14.2,1
54059,21,4,29.8,1
54061,18,3,20.5,1
54063,18,3,15.6,1
54065,17,3,11.0,1
54067,20,1,17.8,1
54069,11,1,15.6,1
54071,21,2,16.3,1
54073,17,2,8.0,1
54075,11,1,20.8,1
54077,12,2,14.1,1
54079,20,1,,1
54081,16,3,21.6,1
54083,15,3,14.7,1
54085,19,2,21.6,1
54087,20,6,20.2,1
54089,18,2,19.2,1
54091,22,3,14.6,1
54093,14,2,13.1,1
54095,17,3,17.6,1
54097,19,4,18.3,1
54099,17,1,15.6,1
54101,23,2,22.1,1
54103,18,1,16.6,1
54105,20,2,18.3,1
54107,17,1,14.7,1
54109,21,4,22.5,1
55001,18,2,13.8,1
55003,17,1,,1
55005,15,5,,1
55007,16,2,,1
55009,18,47,12.7,1
55011,15,3,8.7,1
55013,16,3,13.1,1
55017,15,2,,1
55019,13,3,12.0,1
55021,12,1,,1
55023,15,2,12.5,1
55025,16,1,,1
55027,12,2,,1
55037,18,2,8.4,1
55041,17,3,15.0,1
55043,15,10,13.4,1
55049,13,4,,1
55051,15,1,11.5,1
55053,17,3,12.5,1
55055,12,5,,1
55057,16,8,14.2,1
55059,17,27,14.6,1
55063,12,1,,1
55065,15,4,10.7,1
55067,16,1,12.1,1
55073,19,16,13.0,1
55077,15,1,11.8,1
55078,19,2,21.1,1
55079,21,251,26.9,1
55081,17,4,11.8,1
55083,14,1,8.4,1
55085,14,1,,1
55087,13,1,,1
55091,11,1,7.9,1
55095,15,3,,1
55097,9,1,10.2,1
55099,16,3,12.9,1
55101,13,30,13.7,1
55103,13,1,14.4,1
55105,17,1,,1
55107,15,2,12.4,1
55109,11,2,,1
55111,16,2,,1
55113,18,5,14.9,1
55115,19,3,,1
55117,17,13,11.7,1
55119,11,1,9.2,1
55123,15,5,14.5,1
55125,19,3,10.9,1
55127,16,2,,1
55129,15,2,11.7,1
55135,16,3,15.9,1
55137,18,3,11.0,1
55139,3,1,,1
55141,17,4,,1
56001,21,1,,1
56003,15,2,11.9,1
56005,11,6,5.8,1
56007,13,1,12.5,1
56009,18,2,9.7,1
56011,17,4,6.1,1
56013,19,9,12.5,1
56015,16,5,12.3,1
56017,16,2,13.7,1
56019,7,1,5.3,1
56021,23,5,9.5,1
56023,12,2,11.2,1
56025,21,3,4.8,1
56027,14,1,17.6,1
56029,8,1,6.3,1
56031,16,2,10.2,1
56035,17,1,8.3,1
56037,17,2,13.4,1
56041,14,1,7.5,1
56043,15,2,8.6,1
56045,14,1,10.4,1
60010,22,1,57.8,1
60020,22,1,57.8,1
60030,22,1,57.8,1
60040,22,1,57.8,1
60050,22,2,57.8,1
64002,23,2,45.5,1
64005,25,2,6616.0,1
64040,25,2,39.2,1
64060,25,2,39.4,1
66010,22,4,20.2,1
68007,25,1,80.0,1
68010,25,1,80.0,1
68030,25,1,80.0,1
68040,25,1,80.0,1
68050,25,1,80.0,1
68060,25,1,80.0,1
68070,25,1,80.0,1
68080,25,1,80.0,1
68090,25,1,80.0,1
68100,25,1,80.0,1
68110,25,1,80.0,1
68120,25,1,80.0,1
68130,25,1,80.0,1
68150,25,1,80.0,1
68160,25,1,80.0,1
68170,25,1,80.0,1
68180,25,1,80.0,1
68190,25,1,80.0,1
68300,25,1,80.0,1
68310,25,1,80.0,1
68320,25,1,80.0,1
68330,25,1,80.0,1
68340,25,1,80.0,1
68350,25,1,80.0,1
68360,25,1,80.0,1
68385,25,1,80.0,1
68390,25,1,80.0,1
68400,25,1,80.0,1
68410,25,1,80.0,1
68420,25,1,80.0,1
68430,25,1,80.0,1
69085,16,1,55.7,1
69100,16,1,55.7,1
69110,18,2,55.7,1
69120,16,1,55.7,1
70002,24,1,59.2,1
70004,24,1,59.2,1
70010,24,1,59.2,1
70050,24,1,59.2,1
70100,24,1,59.2,1
70150,24,2,59.2,1
70212,24,1,59.2,1
70214,24,1,59.2,1
70218,24,1,59.2,1
70222,24,1,59.2,1
70224,24,1,59.2,1
70226,24,1,59.2,1
70227,24,1,59.2,1
70228,24,1,59.2,1
70350,24,1,59.2,1
70370,24,1,59.2,1
72001,14,1,,1
72007,10,1,46.6,1
72015,15,2,51.7,1
72017,13,1,,1
72021,12,1,,1
72025,13,2,,1
72027,13,1,,1
72029,22,1,,1
72033,15,1,48.6,1
72039,12,1,,1
72041,13,1,,1
72049,13,1,43.9,1
72054,17,1,,1
72061,12,1,,1
72065,13,1,,1
72073,17,1,60.9,1
72081,13,1,,1
72083,20,1,50.6,1
72087,20,1,50.3,1
72089,21,1,42.5,1
72093,23,1,58.0,1
72095,11,1,45.3,1
72097,13,1,,1
72099,12,1,54.2,1
72101,12,1,,1
72103,10,1,47.3,1
72105,17,1,,1
72107,16,1,56.1,1
72109,15,2,56.4,1
72113,13,1,,1
72117,13,1,,1
72119,21,1,38.2,1
72127,17,3,40.9,1
72133,14,1,50.8,1
72135,12,1,29.4,1
72147,23,1,52.6,1
72149,14,1,47.8,1
78010,25,2,41004.0,1
78020,17,1,36.6,1
78030,18,2,25.3,1
XXX  ,7,1,,1
XXXXX,24,14,21.8,1
