poverty_rate_pct,total_population_poverty,fips
11.8,6988,01001
12.4,30195,01003
26.7,5860,01005
20.0,3979,01007
13.6,8022,01009
31.5,2670,01011
23.4,4298,01013
18.5,20308,01015
21.0,6962,01017
15.5,3862,01019
15.8,7158,01021
20.7,2554,01023
23.5,5204,01025
17.0,2371,01027
15.7,2370,01029
15.7,8492,01031
17.3,9962,01033
30.1,3329,01035
18.1,1813,01037
19.2,7071,01039
21.5,2762,01041
16.2,14478,01043
20.5,9965,01045
32.9,11945,01047
18.7,13248,01049
11.7,9779,01051
20.9,7224,01053
17.7,17990,01055
19.5,3092,01057
18.5,5804,01059
18.6,4926,01061
30.0,2206,01063
22.9,3294,01065
15.8,2754,01067
17.2,18465,01069
16.1,8434,01071
16.4,106000,01073
18.1,2457,01075
13.3,12156,01077
16.4,5402,01079
15.0,26211,01081
9.9,10669,01083
29.4,2814,01085
32.4,5351,01087
11.3,44142,01089
19.5,3603,01091
17.6,5004,01093
16.5,16175,01095
19.2,77450,01097
20.7,3963,01099
18.4,39991,01101
13.1,15935,01103
35.9,2714,01105
23.9,4007,01107
27.4,8436,01109
20.3,4435,01111
22.3,12882,01113
12.6,11548,01115
6.8,15339,01117
31.1,3377,01119
18.3,14318,01121
17.6,7107,01123
17.0,36853,01125
16.7,10557,01127
16.7,2493,01129
29.7,2965,01131
18.3,4284,01133
16.2,549,02013
9.7,473,02016
10.4,29127,02020
21.9,3910,02050
13.6,117,02060
6.7,448,02063
13.9,359,02066
7.3,116,02068
19.7,924,02070
7.8,7117,02090
10.3,210,02100
17.5,399,02105
7.9,2455,02110
11.0,6512,02122
8.6,1164,02130
7.5,921,02150
29.8,2454,02158
20.1,276,02164
9.8,10866,02170
19.9,1909,02180
13.7,1474,02185
19.7,1447,02188
7.1,230,02195
14.6,820,02198
7.9,651,02220
9.3,100,02230
12.5,865,02240
12.0,246,02275
11.7,82,02282
21.1,1084,02290
28.2,18155,04001
17.7,21447,04003
16.4,22092,04005
18.5,9832,04007
14.8,5434,04009
9.2,851,04011
20.0,3258,04012
10.9,487571,04013
16.7,36075,04015
25.9,27684,04017
14.6,150271,04019
11.4,50448,04021
18.5,9009,04023
13.6,32990,04025
14.6,29448,04027
18.8,3049,05001
21.8,3956,05003
13.8,5753,05005
7.9,23586,05007
13.3,5044,05009
21.9,2189,05011
15.9,720,05013
16.0,4553,05015
27.0,2468,05017
20.3,3762,05019
20.0,2812,05021
13.0,3256,05023
15.1,1114,05025
22.2,4509,05027
18.0,3746,05029
17.1,18689,05031
16.1,9709,05033
21.8,10118,05035
21.9,3589,05037
20.1,1192,05039
27.9,2986,05041
20.8,3387,05043
14.6,17847,05045
16.8,2853,05047
17.2,2099,05049
17.3,17077,05051
13.3,2387,05053
16.3,7401,05055
20.9,4011,05057
17.4,5339,05059
17.9,2214,05061
15.0,5525,05063
22.4,2894,05065
24.7,3515,05067
22.2,13011,05069
18.9,4815,05071
23.7,1429,05073
19.1,2976,05075
35.1,2353,05077
25.2,2265,05079
17.0,1971,05081
18.7,3919,05083
11.5,8529,05085
16.5,2856,05087
15.6,2662,05089
22.9,9380,05091
21.8,8269,05093
24.9,1612,05095
20.0,1692,05097
21.9,1748,05099
19.4,1357,05101
18.1,3906,05103
16.2,1614,05105
34.9,5263,05107
19.1,1895,05109
20.0,4416,05111
17.3,3325,05113
15.3,9379,05115
14.9,1182,05117
17.3,67560,05119
19.9,3674,05121
34.4,6544,05123
9.8,12335,05125
21.2,2042,05127
21.7,1703,05129
17.1,21673,05131
20.6,3203,05133
19.5,3433,05135
20.4,2531,05137
18.9,6993,05139
19.6,3127,05141
14.3,35177,05143
15.9,11907,05145
22.6,1337,05147
16.3,3235,05149
10.1,161918,06001
16.3,193,06003
10.1,3767,06005
18.3,37152,06007
12.1,5561,06009
10.7,2324,06011
8.7,99767,06013
16.5,4088,06015
7.6,14477,06017
18.6,185876,06019
14.0,3933,06021
18.0,23910,06023
21.2,36354,06025
11.2,2073,06027
17.8,158995,06029
17.9,24576,06031
17.1,11556,06033
17.2,4060,06035
13.9,1328547,06037
22.0,33721,06039
7.7,19345,06041
15.1,2555,06043
17.6,15657,06045
18.8,53454,06047
13.7,1154,06049
10.3,1319,06051
12.1,50699,06053
8.6,11343,06055
10.6,10683,06057
10.0,308990,06059
6.2,25827,06061
12.6,2416,06063
10.9,264935,06065
12.2,190656,06067
7.2,4842,06069
13.5,291258,06071
10.7,338482,06073
10.4,83231,06075
12.3,96295,06077
11.9,31956,06079
7.2,52227,06081
14.1,59962,06083
7.5,137728,06085
12.5,31936,06087
13.9,24791,06089
12.2,389,06091
15.8,6823,06093
10.0,43957,06095
8.9,42504,06097
15.0,81730,06099
14.1,13784,06101
15.1,9732,06103
16.8,2617,06105
18.2,86096,06107
13.5,7014,06109
9.5,78211,06111
16.1,33935,06113
14.9,12337,06115
10.2,53153,08001
17.4,2727,08003
8.0,52215,08005
9.8,1362,08007
19.0,642,08009
27.0,1120,08011
11.8,37074,08013
5.3,4014,08014
10.0,1906,08015
14.0,238,08017
7.4,691,08019
18.1,1358,08021
23.2,832,08023
35.6,1090,08025
10.9,581,08027
14.6,4549,08029
11.9,83390,08031
13.2,323,08033
3.1,11794,08035
7.2,3993,08037
5.5,1523,08039
8.5,61445,08041
16.8,6998,08043
8.0,4894,08045
6.4,373,08047
7.0,1101,08049
9.7,1578,08051
8.0,62,08053
19.4,1356,08055
13.5,175,08057
6.6,37513,08059
15.0,209,08061
11.4,786,08063
11.0,798,08065
11.7,6407,08067
11.0,39357,08069
17.8,2476,08071
16.1,745,08073
15.2,2774,08075
10.7,16577,08077
8.7,81,08079
10.0,1302,08081
15.2,3975,08083
11.7,5101,08085
11.5,3311,08087
23.2,4160,08089
6.6,335,08091
8.2,1460,08093
11.2,489,08095
6.4,1070,08097
18.6,2145,08099
14.9,24790,08101
9.9,634,08103
14.1,1579,08105
6.0,1489,08107
22.5,1487,08109
12.4,99,08111
7.0,562,08113
14.1,319,08115
8.7,2651,08117
7.8,1928,08119
12.3,569,08121
9.1,31318,08123
13.2,1280,08125
10.3,97319,09110
13.1,41540,09120
7.0,11880,09130
9.7,43191,09140
8.5,8047,09150
7.9,8813,09160
11.0,60090,09170
10.8,28992,09180
7.4,45839,09190
10.5,19204,10001
10.1,56547,10003
9.5,24092,10005
14.2,91474,11001
19.1,50816,12001
12.8,3338,12003
11.9,21668,12005
16.4,4028,12007
10.0,62175,12009
13.3,257252,12011
22.2,2635,12013
9.1,18138,12015
16.9,26985,12017
8.8,19677,12019
10.3,40381,12021
19.0,12901,12023
24.8,8087,12027
22.1,3411,12029
13.9,137467,12031
16.4,50147,12033
9.1,11424,12035
18.1,2050,12037
26.0,10947,12039
14.6,2619,12041
19.5,2100,12043
18.0,2425,12045
23.4,2715,12047
24.7,5867,12049
21.1,8590,12051
12.1,24654,12053
15.6,16289,12055
12.9,191075,12057
19.6,3513,12059
11.5,19060,12061
17.5,7242,12063
16.0,2203,12065
21.4,1463,12067
9.7,39355,12069
11.1,89587,12071
18.7,52424,12073
15.9,7151,12075
21.9,1332,12077
21.2,3537,12079
10.1,42580,12081
15.6,60464,12083
10.1,15939,12085
14.5,381423,12086
13.2,10680,12087
6.8,6603,12089
8.0,16979,12091
18.4,7027,12093
12.6,178037,12095
12.9,54089,12097
11.1,165851,12099
10.9,65148,12101
12.4,117299,12103
15.7,120353,12105
22.5,16484,12107
5.9,17860,12109
13.4,47534,12111
9.4,18064,12113
8.5,38638,12115
11.1,52808,12117
9.4,12830,12119
18.9,8054,12121
19.5,3831,12123
18.0,2070,12125
11.8,66107,12127
11.7,3771,12129
11.1,9000,12131
19.4,4538,12133
20.3,3644,13001
21.1,1717,13003
22.9,2485,13005
21.6,599,13007
24.1,9253,13009
12.1,2328,13011
9.3,8282,13013
10.3,11545,13015
26.8,4489,13017
21.9,3947,13019
22.5,34064,13021
16.3,1862,13023
16.2,2928,13025
25.5,4067,13027
8.0,3864,13029
23.8,18278,13031
21.8,5264,13033
13.2,3119,13035
33.9,1282,13037
12.4,6772,13039
18.5,1974,13043
13.2,15981,13045
11.0,7508,13047
22.9,2345,13049
15.9,45884,13051
15.6,1029,13053
18.1,4271,13055
5.6,15654,13057
26.5,31580,13059
25.1,700,13061
14.6,42575,13063
21.5,1410,13065
8.0,61108,13067
19.9,7959,13069
22.6,10128,13071
7.0,11298,13073
20.6,3527,13075
7.5,11387,13077
16.9,2034,13079
25.1,4833,13081
11.3,1745,13083
8.0,2398,13085
22.6,6363,13087
13.5,101463,13089
24.4,4391,13091
23.7,2155,13093
27.7,22306,13095
10.2,14898,13097
23.7,2461,13099
21.1,774,13101
8.6,5859,13103
16.2,3171,13105
20.8,4490,13107
21.6,2186,13109
11.4,2932,13111
5.9,7155,13113
15.1,14366,13115
4.1,10836,13117
16.0,3731,13119
12.7,133088,13121
14.0,4480,13123
13.9,400,13125
13.7,11354,13127
11.5,6721,13129
21.6,5587,13131
13.6,2716,13133
8.9,86107,13135
13.8,6213,13137
11.7,24679,13139
26.5,1912,13141
15.1,4682,13143
9.0,3235,13145
14.2,3711,13147
14.9,1727,13149
8.0,19857,13151
10.7,17991,13153
19.1,1676,13155
7.3,6088,13157
12.9,2038,13159
20.2,2995,13161
23.7,3511,13163
27.9,2070,13165
27.3,2033,13167
11.5,3243,13169
13.0,2442,13171
19.2,1878,13173
21.4,10450,13175
10.3,3360,13177
14.4,9160,13179
15.4,1201,13181
14.2,2550,13183
15.4,17678,13185
12.1,3740,13187
17.7,3798,13189
17.0,1893,13191
23.8,2365,13193
12.2,3809,13195
19.4,1423,13197
16.6,3435,13199
22.9,1292,13201
22.7,4470,13205
11.4,3208,13207
20.2,1602,13209
11.2,2337,13211
13.3,5332,13213
17.8,35163,13215
12.3,14313,13217
6.0,2583,13219
12.7,1954,13221
7.9,14003,13223
18.4,5008,13225
10.7,3684,13227
16.7,3338,13229
8.7,1709,13231
14.9,6441,13233
19.6,1693,13235
13.3,3027,13237
22.3,501,13239
12.7,2160,13241
27.4,1635,13243
18.4,35823,13245
11.2,10561,13247
15.4,693,13249
18.8,2572,13251
23.2,2090,13253
19.3,13102,13255
13.7,3587,13257
25.9,1010,13259
22.3,6101,13261
20.8,1192,13263
20.0,315,13265
23.5,4732,13267
22.5,1708,13269
30.6,2834,13271
29.2,2462,13273
19.8,8921,13275
16.6,6697,13277
21.1,5593,13279
12.9,1597,13281
21.7,1297,13283
17.8,12263,13285
25.5,2218,13287
21.2,1605,13289
10.3,2665,13291
20.9,5780,13293
14.8,9937,13295
11.3,11458,13297
17.6,5943,13299
23.4,1189,13301
22.0,3949,13303
17.8,5136,13305
18.1,421,13307
31.1,1565,13309
12.1,3391,13311
12.9,13161,13313
26.4,1790,13315
18.6,1766,13317
17.0,1456,13319
22.2,4499,13321
14.6,29609,15001
9.3,89980,15003
22.7,13,15005
9.1,6620,15007
9.0,14663,15009
8.0,40623,16001
12.1,579,16003
12.7,11147,16005
9.6,641,16007
14.4,1483,16009
11.8,5825,16011
6.9,1700,16013
9.7,808,16015
12.3,6258,16017
10.7,13653,16019
12.4,1644,16021
14.9,399,16023
9.4,108,16025
10.5,25965,16027
9.7,689,16029
11.6,2926,16031
14.5,116,16033
14.5,1208,16035
12.9,575,16037
10.6,3004,16039
8.0,1203,16041
11.7,1580,16043
12.9,2589,16045
13.3,2083,16047
12.6,2161,16049
8.4,2774,16051
11.7,2924,16053
10.0,18165,16055
16.1,6179,16057
14.0,1146,16059
15.8,592,16061
10.8,569,16063
21.6,8668,16065
12.3,2727,16067
10.6,4444,16069
10.8,506,16071
13.1,1632,16073
11.7,3132,16075
13.9,1112,16077
13.3,1834,16079
7.4,919,16081
11.1,10192,16083
7.7,946,16085
14.2,1548,16087
13.4,8475,17001
23.4,1120,17003
12.0,1701,17005
9.1,4790,17007
13.9,637,17009
12.6,4064,17011
10.4,445,17013
12.8,1828,17015
11.8,1474,17017
19.0,36364,17019
15.6,4747,17021
11.4,1703,17023
13.5,1737,17025
8.2,2901,17027
17.5,7657,17029
13.7,688627,17031
11.9,2050,17033
9.4,958,17035
13.2,12554,17037
10.8,1631,17039
8.7,1697,17041
6.8,61619,17043
14.2,2277,17045
11.2,675,17047
9.2,3133,17049
13.3,2513,17051
11.8,1516,17053
19.5,7166,17055
12.9,3997,17057
19.1,905,17059
13.3,1528,17061
7.0,3677,17063
13.4,1058,17065
12.3,2091,17067
17.8,637,17069
12.0,732,17071
8.7,4131,17073
12.0,3119,17075
23.3,11569,17077
10.6,966,17079
14.7,5096,17081
10.0,2057,17083
8.5,1828,17085
15.5,1692,17087
8.1,41027,17089
13.6,13994,17091
5.8,7862,17093
15.0,6788,17095
8.2,56275,17097
14.5,15239,17099
16.6,2109,17101
12.1,3757,17103
12.0,4054,17105
13.6,3303,17107
20.4,4971,17109
5.9,18106,17111
11.2,18099,17113
14.8,14579,17115
12.1,5241,17117
12.3,31585,17119
15.3,5518,17121
11.8,1345,17123
12.7,1598,17125
15.2,2076,17127
8.6,1034,17129
8.6,1318,17131
6.1,2115,17133
15.1,3862,17135
12.0,3606,17137
10.2,1428,17139
8.5,4320,17141
13.8,23909,17143
14.9,2720,17145
7.3,1211,17147
16.6,2345,17149
15.9,589,17151
24.5,1188,17153
7.5,419,17155
14.6,3999,17157
14.5,2208,17159
14.8,20347,17161
15.7,39066,17163
18.9,4253,17165
11.2,21500,17167
14.6,971,17169
11.5,542,17171
11.3,2327,17173
11.4,595,17175
14.0,6005,17177
8.9,11269,17179
20.7,3383,17181
17.3,12043,17183
13.9,1497,17185
15.6,2410,17187
8.1,1082,17189
13.7,2158,17191
15.1,1972,17193
12.9,6944,17195
7.1,48828,17197
12.7,8195,17199
15.4,42830,17201
6.9,2572,17203
11.5,4070,18001
11.5,44410,18003
12.7,10442,18005
10.1,872,18007
12.7,1492,18009
5.2,3825,18011
9.7,1489,18013
10.3,2106,18015
13.1,4823,18017
9.6,11755,18019
12.7,3302,18021
11.2,3592,18023
18.0,1879,18025
10.7,3498,18027
10.6,5353,18029
10.9,2828,18031
9.2,3956,18033
19.0,19758,18035
8.4,3606,18037
13.1,26704,18039
14.3,3290,18041
10.1,7971,18043
12.3,2026,18045
9.1,2091,18047
13.8,2779,18049
9.7,3139,18051
19.3,11806,18053
12.7,3888,18055
4.5,16387,18057
5.0,4103,18059
7.7,3020,18061
5.4,9627,18063
13.9,6269,18065
15.2,12517,18067
12.8,4554,18069
11.1,5032,18071
9.4,3108,18073
13.7,2728,18075
11.9,3640,18077
12.2,3307,18079
7.6,12267,18081
14.6,4988,18083
10.7,8459,18085
7.8,3154,18087
14.7,72873,18089
15.3,16055,18091
12.4,5525,18093
15.0,18875,18095
15.7,149846,18097
10.3,4719,18099
12.8,1232,18101
13.6,4366,18103
18.2,23312,18105
11.0,4082,18107
9.2,6594,18109
12.5,1703,18111
9.8,4571,18113
9.1,553,18115
14.5,2809,18117
14.0,2964,18119
14.4,2213,18121
16.6,2903,18123
11.8,1410,18125
8.9,15180,18127
9.7,2416,18129
13.5,1660,18131
9.5,3125,18133
15.4,3714,18135
12.0,3410,18137
12.2,2003,18139
13.2,34388,18141
15.4,3720,18143
14.1,6233,18145
9.3,1850,18147
12.6,2907,18149
9.4,3078,18151
12.7,2339,18153
13.6,1340,18155
19.2,33200,18157
10.1,1527,18159
11.3,782,18161
15.4,26687,18163
14.0,2130,18165
18.5,17975,18167
11.5,3400,18169
9.6,803,18171
7.4,4762,18173
12.6,3504,18175
17.8,11373,18177
9.1,2525,18179
9.4,2295,18181
9.0,3085,18183
9.1,666,19001
10.1,362,19003
11.6,1591,19005
14.3,1703,19007
11.6,635,19009
7.5,1897,19011
16.6,20825,19013
8.6,2232,19015
6.7,1582,19017
9.6,1962,19019
10.2,2019,19021
9.6,1351,19023
8.6,779,19025
8.5,1721,19027
13.7,1763,19029
7.8,1408,19031
11.7,4844,19033
10.7,1200,19035
8.3,958,19037
11.6,1108,19039
9.3,1499,19041
11.5,1929,19043
13.3,6077,19045
11.8,1876,19047
4.9,5214,19049
11.6,1047,19051
17.9,1285,19053
8.5,1471,19055
14.8,5593,19057
7.0,1240,19059
10.6,10067,19061
11.5,1014,19063
13.0,2389,19065
11.7,1778,19067
11.8,1147,19069
10.5,670,19071
10.4,900,19073
7.1,872,19075
10.1,1060,19077
9.2,1339,19079
7.7,807,19081
10.7,1701,19083
9.2,1323,19085
12.0,2187,19087
9.1,856,19089
7.8,735,19091
9.7,650,19093
7.4,1194,19095
10.3,1960,19097
8.8,3182,19099
13.6,2031,19101
15.3,22481,19103
10.6,2076,19105
11.8,1155,19107
8.7,1236,19109
13.5,4255,19111
9.1,20251,19113
10.9,1149,19115
16.1,1391,19117
6.7,802,19119
6.7,1132,19121
10.3,2192,19123
8.1,2597,19125
11.1,4283,19127
8.9,1283,19129
11.5,1186,19131
11.3,941,19133
9.8,729,19135
11.2,1119,19137
12.3,5116,19139
8.7,1186,19141
10.9,646,19143
12.5,1738,19145
11.2,950,19147
6.6,1680,19149
11.0,760,19151
10.2,50460,19153
11.7,10637,19155
8.9,1498,19157
13.2,601,19159
9.5,902,19161
11.8,20116,19163
8.8,1007,19165
8.0,2695,19167
16.6,14563,19169
13.5,2243,19171
12.4,719,19173
13.0,1501,19175
12.9,928,19177
16.1,5473,19179
6.3,3305,19181
9.9,2188,19183
14.5,921,19185
12.5,4197,19187
10.1,1015,19189
9.7,1777,19191
13.0,13386,19193
9.7,702,19195
11.2,1405,19197
15.7,1904,20001
13.6,1042,20003
14.7,2127,20005
12.0,489,20007
13.9,3430,20009
19.0,2670,20011
14.4,1331,20013
7.8,5131,20015
11.3,268,20017
17.1,574,20019
16.2,3047,20021
13.0,331,20023
12.7,241,20025
12.3,965,20027
13.1,1104,20029
9.6,785,20031
11.9,193,20033
16.0,5203,20035
17.7,6656,20037
14.4,379,20039
10.2,1840,20041
10.6,747,20043
15.1,16828,20045
12.1,328,20047
16.8,410,20049
13.6,3711,20051
11.9,617,20053
12.0,4439,20055
11.7,3856,20057
10.0,2536,20059
13.2,4576,20061
11.1,297,20063
13.3,315,20065
11.2,796,20067
8.3,466,20069
10.3,123,20071
15.4,903,20073
13.0,315,20075
13.8,722,20077
9.0,2943,20079
9.9,348,20081
9.1,158,20083
8.8,1145,20085
8.1,1465,20087
12.1,348,20089
5.4,33349,20091
10.3,387,20093
11.6,820,20095
12.8,285,20097
15.3,2969,20099
10.6,163,20101
9.5,7294,20103
11.3,322,20105
12.8,1246,20107
9.8,262,20109
16.1,4935,20111
10.2,2860,20113
10.2,1141,20115
10.7,1045,20117
9.9,378,20119
6.9,2377,20121
12.1,680,20123
15.1,4559,20125
10.6,555,20127
12.2,311,20129
8.8,869,20131
15.6,2360,20133
11.3,289,20135
16.1,699,20137
11.3,1743,20139
13.8,467,20141
10.1,573,20143
14.6,789,20145
12.4,589,20147
7.4,1906,20149
10.2,876,20151
11.0,274,20153
15.3,9000,20155
10.1,461,20157
10.8,960,20159
20.2,12237,20161
11.2,518,20163
14.6,416,20165
14.4,946,20167
13.1,6832,20169
7.5,368,20171
15.7,81103,20173
13.7,2880,20175
13.6,23618,20177
10.9,261,20179
12.8,720,20181
11.3,393,20183
12.8,498,20185
10.2,198,20187
10.0,507,20189
13.1,2905,20191
10.3,771,20193
10.9,295,20195
7.8,533,20197
13.5,197,20199
9.6,520,20201
11.1,225,20203
13.7,1158,20205
15.3,469,20207
15.7,25639,20209
22.1,3943,21001
15.3,3230,21003
11.8,2843,21005
15.0,1130,21007
16.8,7390,21009
20.6,2613,21011
30.4,6953,21013
7.4,10120,21015
16.5,3297,21017
18.4,8437,21019
14.8,4123,21021
15.2,1275,21023
30.1,3950,21025
19.0,3901,21027
9.4,7813,21029
18.7,2263,21031
17.4,2144,21033
19.2,6649,21035
9.5,8673,21037
16.2,754,21039
16.3,1732,21041
19.5,5010,21043
25.5,3954,21045
18.3,12282,21047
15.4,5621,21049
35.1,6407,21051
23.5,2108,21053
19.6,1705,21055
23.9,1400,21057
13.1,13143,21059
16.8,2048,21061
27.2,1673,21063
21.3,2969,21065
14.9,45848,21067
21.3,3219,21069
34.8,12049,21071
14.1,7026,21073
29.2,1703,21075
13.3,1146,21077
16.1,2810,21079
13.0,3263,21081
18.8,6750,21083
17.1,4397,21085
19.9,2231,21087
16.1,5599,21089
14.0,1248,21091
12.6,13692,21093
26.9,6768,21095
14.8,2770,21097
20.4,3935,21099
17.4,7505,21101
13.0,2029,21103
16.1,690,21105
19.3,8415,21107
24.5,3146,21109
15.2,115319,21111
12.3,6479,21113
26.0,5687,21115
10.8,18257,21117
29.2,3892,21119
33.1,9557,21121
18.0,2687,21123
20.4,12616,21125
25.9,4134,21127
36.4,2230,21129
30.1,2930,21131
28.7,5910,21133
23.1,2946,21135
18.4,4426,21137
14.6,1300,21139
15.4,4237,21141
14.9,1082,21143
15.2,10063,21145
34.6,5190,21147
13.7,1236,21149
15.5,14003,21151
29.8,3340,21153
18.6,3588,21155
12.6,3939,21157
36.2,3451,21159
20.1,3344,21161
11.9,3525,21163
23.1,1424,21165
12.7,2865,21167
24.3,2492,21169
20.9,2337,21171
15.3,4279,21173
25.2,3042,21175
21.7,6264,21177
11.2,5263,21179
17.7,1356,21181
17.3,4014,21183
4.4,2836,21185
14.6,1632,21187
32.9,1263,21189
14.4,2090,21191
27.0,7200,21193
25.1,13778,21195
26.2,3334,21197
18.8,12116,21199
19.3,419,21201
24.2,3837,21203
21.4,4632,21205
20.2,3612,21207
8.3,4818,21209
8.9,4235,21211
15.6,3011,21213
8.3,1664,21215
17.8,4445,21217
17.1,2093,21219
13.8,1971,21221
12.1,1027,21223
17.2,2185,21225
18.4,24613,21227
14.4,1710,21229
28.8,5552,21231
14.7,1814,21233
26.3,9224,21235
32.0,2001,21237
10.1,2685,21239
24.9,13921,22001
20.9,4064,22003
10.3,13406,22005
18.3,3741,22007
27.2,9765,22009
14.9,5285,22011
25.5,3135,22013
13.1,16634,22015
22.2,49858,22017
16.5,32866,22019
21.1,1868,22021
14.1,688,22023
25.3,2044,22025
28.9,3448,22027
27.7,4777,22029
19.8,5245,22031
18.5,80321,22033
41.5,2208,22035
16.3,2718,22037
24.0,7328,22039
24.8,4700,22041
18.3,3472,22043
22.8,15387,22045
19.1,5105,22047
24.1,3404,22049
15.0,63585,22051
18.9,5901,22053
17.0,41649,22055
17.4,16245,22057
18.8,2389,22059
32.4,13878,22061
13.4,19692,22063
37.0,3218,22065
26.8,6222,22067
28.9,9973,22069
22.6,80328,22071
23.5,35808,22073
16.4,3569,22075
17.1,3411,22077
18.7,23295,22079
24.7,1783,22081
20.6,3903,22083
25.6,5534,22085
22.4,9882,22087
11.3,5688,22089
25.2,2699,22091
15.8,3051,22093
15.7,6207,22095
28.0,22555,22097
18.2,9246,22099
24.6,11575,22101
10.7,29091,22103
19.5,25934,22105
35.0,1347,22107
16.4,17009,22109
23.3,4719,22111
20.5,11561,22113
18.3,8313,22115
23.1,9956,22117
22.5,7931,22119
12.1,3313,22121
19.8,1861,22123
19.8,1978,22125
24.0,2820,22127
12.8,13750,23001
15.4,10138,23003
6.6,19827,23005
14.2,4061,23007
11.0,6064,23009
12.2,14916,23011
10.6,4194,23013
9.1,3232,23015
12.7,7462,23017
14.6,21623,23019
14.7,2522,23021
9.3,3424,23023
15.4,7760,23025
13.0,5139,23027
15.6,4781,23029
8.5,18069,23031
18.1,11069,24001
6.4,37624,24003
11.0,91009,24005
5.3,5011,24009
12.9,4251,24011
5.5,9468,24013
9.5,9831,24015
8.0,13513,24017
15.1,4893,24019
5.6,15874,24021
15.1,4238,24023
7.3,19117,24025
5.7,18867,24027
12.1,2181,24029
7.9,82175,24031
10.9,101043,24033
6.5,3341,24035
8.0,9049,24037
22.2,4358,24039
10.2,3817,24041
11.7,17387,24043
12.6,12746,24045
8.4,4483,24047
18.9,104408,24510
7.7,17549,25001
12.0,14737,25003
11.4,64988,25005
8.2,1711,25007
9.8,77346,25009
13.5,9425,25011
16.9,75753,25013
11.7,16278,25015
8.2,127726,25017
6.3,898,25019
6.5,46348,25021
7.7,40237,25023
16.4,118607,25025
10.6,88902,25027
12.9,1330,26001
11.3,896,26003
9.8,11735,26005
15.6,4448,26007
9.3,2236,26009
13.6,2039,26011
14.2,1047,26013
8.5,5351,26015
14.3,14566,26017
9.9,1784,26019
15.0,22507,26021
16.3,7035,26023
13.8,17996,26025
12.1,6135,26027
8.7,2271,26029
12.0,3081,26031
13.4,4299,26033
17.2,5328,26035
9.1,7186,26037
14.1,1881,26039
12.5,4549,26041
13.0,3315,26043
9.0,9610,26045
8.8,2955,26047
16.4,65211,26049
13.9,3536,26051
16.8,2349,26053
9.5,9012,26055
12.3,4343,26057
13.9,6179,26059
14.4,4871,26061
12.0,3693,26063
16.3,43468,26065
12.1,7295,26067
18.2,4600,26069
12.8,1460,26071
19.4,11714,26073
13.0,19648,26075
12.2,30887,26077
12.3,2210,26079
10.7,69096,26081
10.4,227,26083
22.9,2605,26085
9.9,8617,26087
7.4,1671,26089
11.6,10923,26091
5.0,9680,26093
16.1,848,26095
14.3,1550,26097
9.8,84662,26099
13.0,3115,26101
11.4,7141,26103
10.2,2972,26105
20.4,8089,26107
12.2,2792,26109
8.9,7341,26111
13.3,2007,26113
9.6,14729,26115
14.8,9215,26117
16.3,1549,26119
14.5,24813,26121
13.3,6648,26123
8.2,102636,26125
16.2,4314,26127
16.4,3399,26129
14.3,834,26131
15.7,3594,26133
18.0,1502,26135
10.8,2744,26137
8.2,23817,26139
12.3,1626,26141
16.3,3845,26143
18.1,33127,26145
12.8,20337,26147
13.2,7936,26149
14.3,5751,26151
12.8,1033,26153
12.1,8145,26155
12.3,6411,26157
14.4,10781,26159
13.6,47071,26161
21.2,369107,26163
12.8,4311,26165
13.5,2141,27001
7.4,27085,27003
9.8,3430,27005
17.3,7697,27007
9.1,3719,27009
11.3,566,27011
14.9,9788,27013
8.2,2033,27015
10.3,3580,27017
4.5,4960,27019
13.8,4265,27021
10.4,1244,27023
5.4,3065,27025
11.4,7184,27027
10.6,906,27029
9.2,519,27031
13.2,1465,27033
10.6,7126,27035
6.1,26859,27037
6.0,1253,27039
8.7,3405,27041
10.7,1465,27043
8.1,1697,27045
11.7,3527,27047
9.0,4249,27049
11.2,679,27051
10.8,133681,27053
7.5,1403,27055
9.6,2089,27057
7.0,2955,27059
11.4,5067,27061
9.1,886,27063
9.9,1611,27065
8.8,3810,27067
10.3,407,27069
11.8,1373,27071
9.5,620,27073
8.4,906,27075
11.0,421,27077
6.3,1808,27079
9.5,520,27081
11.2,2764,27083
7.3,2642,27085
18.0,949,27087
8.5,749,27089
11.4,2210,27091
9.2,2141,27093
10.9,2925,27095
9.6,3256,27097
9.5,3763,27099
9.4,755,27101
9.0,2860,27103
11.1,2389,27105
10.0,626,27107
8.9,14379,27109
8.7,5203,27111
9.6,1296,27113
11.9,3376,27115
10.8,996,27117
10.7,3170,27119
10.3,1162,27121
13.8,72217,27123
9.7,371,27125
11.0,1662,27127
11.0,1563,27129
10.6,6425,27131
8.7,811,27133
9.8,1481,27135
14.6,28093,27137
4.6,6968,27139
6.1,6015,27141
8.0,1184,27143
11.1,17033,27145
8.9,3294,27147
10.7,958,27149
9.5,901,27151
10.1,2561,27153
13.7,434,27155
7.5,1597,27157
11.8,1652,27159
8.4,1520,27161
5.7,15451,27163
15.5,1685,27165
10.2,638,27167
14.3,6607,27169
5.3,7779,27171
10.7,1010,27173
31.1,8392,28001
18.0,6019,28003
20.3,2543,28005
22.9,3933,28007
23.1,1723,28009
29.1,8072,28011
22.8,2850,28013
20.3,1850,28015
22.3,3633,28017
19.3,1519,28019
33.2,2568,28021
22.3,3366,28023
21.9,3958,28025
35.9,7043,28027
25.6,6845,28029
21.3,3774,28031
9.8,18722,28033
22.4,16194,28035
20.0,1514,28037
15.4,3815,28039
22.7,2454,28041
20.0,4133,28043
15.0,6839,28045
19.3,39771,28047
22.6,47221,28049
34.5,5242,28051
32.3,2339,28053
42.3,329,28055
13.3,2985,28057
15.7,22460,28059
20.3,3240,28061
34.1,2298,28063
31.3,3432,28065
18.3,11855,28067
27.7,2163,28069
17.8,9234,28071
15.1,9837,28073
23.7,16097,28075
20.7,2410,28077
21.5,4456,28079
13.5,11046,28081
34.4,8835,28083
20.6,7059,28085
19.3,10777,28087
10.9,11823,28089
21.4,4994,28091
19.4,6219,28093
15.3,5045,28095
24.2,2285,28097
23.3,6533,28099
19.5,3922,28101
28.0,2751,28103
23.6,10762,28105
24.5,7896,28107
17.6,9833,28109
18.9,2133,28111
25.7,9923,28113
17.6,5466,28115
16.8,3951,28117
31.4,1749,28119
10.3,15716,28121
22.8,6264,28123
35.1,1203,28125
16.4,4117,28127
17.3,2411,28129
18.2,3164,28131
32.3,6688,28133
31.1,3214,28135
18.5,5004,28137
16.0,3335,28139
14.9,2724,28141
27.9,2610,28143
13.8,3852,28145
19.2,2614,28147
19.6,8250,28149
27.3,11375,28151
26.1,5115,28153
19.2,1887,28155
31.3,2238,28157
21.9,3734,28159
18.1,2176,28161
37.1,7948,28163
28.2,6334,29001
8.0,1418,29003
12.4,629,29005
17.7,4127,29007
16.6,5728,29009
15.2,1762,29011
16.5,2605,29013
14.7,2937,29015
11.9,1228,29017
16.7,29565,29019
17.6,13932,29021
19.6,8078,29023
12.5,1088,29025
10.6,4379,29027
12.5,5405,29029
14.0,11048,29031
14.3,1185,29033
19.5,1017,29035
8.2,8972,29037
16.4,2351,29039
13.1,934,29041
8.4,7730,29043
13.0,858,29045
7.7,19491,29047
12.7,2655,29049
9.8,7108,29051
11.1,1773,29053
15.3,3406,29055
18.4,1373,29057
15.9,2755,29059
15.3,1266,29061
12.7,1169,29063
17.9,2550,29065
18.5,2188,29067
25.9,6882,29069
8.8,9199,29071
14.0,2031,29073
14.8,908,29075
15.0,44048,29077
18.0,1710,29079
16.4,1321,29081
14.0,3098,29083
20.8,1747,29085
11.9,496,29087
15.6,1460,29089
19.2,7640,29091
19.2,1748,29093
15.0,105642,29095
18.1,21971,29097
9.0,20356,29099
13.6,6941,29101
15.6,577,29103
15.0,5375,29105
11.0,3568,29107
13.3,5072,29109
13.6,1204,29111
9.9,6143,29113
13.5,1564,29115
14.5,1896,29117
15.8,3689,29119
14.0,2074,29121
18.1,2228,29123
15.5,1290,29125
12.4,3378,29127
15.1,509,29129
12.6,3142,29131
24.8,2710,29133
11.4,1655,29135
13.7,1162,29137
14.9,1660,29139
19.3,4121,29141
17.3,2653,29143
14.8,8726,29145
17.4,3332,29147
20.8,1786,29149
8.3,1088,29151
21.1,1869,29153
30.0,4356,29155
11.5,2138,29157
13.1,5526,29159
15.7,6676,29161
15.0,2438,29163
8.3,9020,29165
17.7,5592,29167
12.3,5331,29169
16.4,752,29171
9.4,967,29173
16.8,3777,29175
12.6,2876,29177
21.8,1268,29179
22.2,2361,29181
5.2,21209,29183
19.8,1855,29185
10.1,1801,29186
18.9,11489,29187
10.5,101623,29189
15.3,3188,29195
15.2,599,29197
11.6,527,29199
16.8,6247,29201
21.4,1523,29203
15.2,875,29205
15.1,4201,29207
12.9,4113,29209
15.6,891,29211
13.5,7332,29213
19.3,4533,29215
17.6,3336,29217
8.3,3063,29219
19.6,4376,29221
25.4,2693,29223
15.7,6229,29225
16.4,315,29227
22.9,4317,29229
21.3,59041,29510
11.7,1091,30001
22.8,2877,30003
17.3,1185,30005
8.6,662,30007
9.2,1018,30009
13.2,179,30011
13.8,11401,30013
15.9,930,30015
10.8,1249,30017
9.9,159,30019
11.9,995,30021
14.0,1282,30023
10.0,299,30025
12.3,1396,30027
10.8,11987,30029
9.5,11442,30031
14.7,176,30033
25.8,3474,30035
19.6,160,30037
11.0,381,30039
18.4,2873,30041
8.0,1007,30043
11.9,250,30045
18.2,5923,30047
9.2,6649,30049
18.0,343,30051
17.3,3686,30053
14.0,237,30055
9.6,885,30057
15.0,295,30059
12.5,628,30061
9.2,10920,30063
16.0,824,30065
10.3,1812,30067
12.8,67,30069
15.1,630,30071
20.2,1197,30073
11.7,198,30075
15.7,844,30077
13.4,146,30079
11.3,5325,30081
9.9,1104,30083
23.6,2430,30085
17.8,1424,30087
17.3,2298,30089
12.7,446,30091
16.0,5658,30093
9.6,871,30095
10.2,375,30097
13.2,821,30099
17.5,752,30101
12.4,94,30103
11.7,863,30105
19.6,387,30107
14.1,125,30109
9.3,15385,30111
10.9,3279,31001
12.1,751,31003
14.1,61,31005
11.7,77,31007
17.7,80,31009
9.6,506,31011
11.5,1212,31013
14.4,246,31015
12.1,345,31017
13.0,6265,31019
11.5,764,31021
8.7,721,31023
6.0,1600,31025
8.2,674,31027
9.5,347,31029
12.0,648,31031
12.0,1130,31033
9.9,591,31035
9.2,953,31037
9.5,835,31039
11.1,1147,31041
11.7,2424,31043
16.2,1213,31045
12.1,2864,31047
12.2,232,31049
9.6,512,31051
10.6,3843,31053
12.2,69886,31055
13.1,205,31057
9.2,495,31059
12.8,363,31061
15.3,383,31063
13.6,617,31065
10.2,2171,31067
16.8,303,31069
12.2,210,31071
9.5,169,31073
10.8,62,31075
10.9,240,31077
11.5,7017,31079
7.9,738,31081
10.5,315,31083
16.1,136,31085
14.5,370,31087
12.8,1273,31089
9.1,62,31091
8.4,536,31093
10.6,743,31095
13.4,560,31097
8.1,536,31099
11.4,936,31101
20.9,164,31103
12.8,414,31105
15.6,1280,31107
12.5,38884,31109
11.9,3923,31111
10.7,72,31113
16.4,98,31115
15.1,56,31117
13.1,4489,31119
9.2,697,31121
14.0,619,31123
11.4,371,31125
13.8,911,31127
10.9,435,31129
9.9,1576,31131
13.2,328,31133
10.7,299,31135
9.5,831,31137
9.4,681,31139
9.9,3361,31141
7.8,397,31143
11.7,1199,31145
12.8,960,31147
14.1,172,31149
9.0,1237,31151
5.8,11259,31153
7.4,1687,31155
15.3,5280,31157
7.6,1253,31159
14.6,709,31161
13.1,384,31163
16.1,181,31165
8.2,461,31167
11.4,547,31169
13.5,90,31171
19.7,1256,31173
12.8,516,31175
7.1,1493,31177
13.3,1135,31179
11.3,368,31181
14.7,115,31183
11.0,1488,31185
10.1,2556,32001
13.3,304986,32003
8.4,4170,32005
8.9,4760,32007
14.7,109,32009
10.7,199,32011
9.7,1663,32013
10.5,602,32015
12.4,530,32017
11.0,6757,32019
16.3,727,32021
14.8,7936,32023
15.1,755,32027
7.2,299,32029
10.3,50322,32031
11.3,912,32033
13.1,7235,32510
8.7,5552,33001
9.4,4843,33003
8.7,6432,33005
12.7,3810,33007
10.2,8774,33009
6.6,27790,33011
7.4,11090,33013
5.4,17191,33015
9.0,11209,33017
9.9,4273,33019
11.4,30748,34001
7.0,66461,34003
6.6,29915,34005
12.4,64621,34007
9.6,9063,34009
15.5,22152,34011
15.6,128727,34013
7.6,22578,34015
14.2,98969,34017
4.1,5227,34019
10.6,38810,34021
8.2,69157,34023
6.3,40420,34025
4.4,22171,34027
11.2,72554,34029
12.4,62652,34031
10.7,6898,34033
5.1,17692,34035
5.9,8578,34037
9.6,54080,34039
7.0,7628,34041
14.0,92866,35001
19.8,753,35003
19.6,12152,35005
29.6,7313,35006
18.5,2148,35007
17.5,8131,35009
18.8,317,35011
23.2,50613,35013
13.3,7904,35015
19.7,5330,35017
23.8,883,35019
16.6,104,35021
25.2,988,35023
18.5,12954,35025
17.4,3517,35027
3.7,704,35028
26.4,6570,35029
31.9,22063,35031
21.0,872,35033
19.6,12722,35035
23.6,1996,35037
18.1,7214,35039
17.6,3142,35041
10.3,15683,35043
22.4,26630,35045
23.4,6061,35047
12.0,18396,35049
22.4,2516,35051
24.6,3749,35053
18.4,6319,35055
20.3,3071,35057
18.9,665,35059
18.8,14404,35061
14.0,41781,36001
18.5,7659,36003
27.6,372320,36005
19.5,35947,36007
16.2,12031,36009
13.0,9386,36011
17.6,21515,36013
15.3,12033,36015
11.9,5452,36017
13.6,10047,36019
11.1,6648,36021
15.1,6401,36023
14.6,6229,36025
9.0,25435,36027
13.2,122456,36029
12.9,4576,36031
15.7,6905,36033
12.5,6454,36035
10.0,5613,36037
11.2,5115,36039
10.7,546,36041
12.3,7195,36043
14.0,15329,36045
19.8,508254,36047
13.7,3627,36049
10.5,6013,36051
10.8,6748,36053
13.9,100844,36055
13.7,6694,36057
5.6,75800,36059
17.2,266257,36061
14.4,29821,36063
15.8,34520,36065
13.6,61353,36067
9.6,10547,36069
14.4,57032,36071
11.2,4268,36073
17.4,19649,36075
13.3,7081,36077
6.3,6116,36079
13.1,295825,36081
11.2,17178,36083
11.2,54478,36085
14.4,48087,36087
17.5,17074,36089
6.5,15356,36091
11.6,17868,36093
10.1,2888,36095
11.5,2006,36097
13.6,4264,36099
12.8,11667,36101
6.8,100921,36103
16.4,12527,36105
10.5,4950,36107
16.0,14405,36109
16.2,28283,36111
10.1,6569,36113
10.6,6150,36115
11.2,10101,36117
9.3,90385,36119
12.1,4468,36121
15.0,3504,36123
12.7,21639,37001
13.8,4854,37003
15.6,1730,37005
22.4,4538,37007
14.4,3861,37009
14.8,2288,37011
17.7,7815,37013
23.8,3758,37015
18.5,5392,37017
8.5,12872,37019
12.3,32755,37021
12.6,10770,37023
8.0,18756,37025
16.2,12850,37027
7.4,819,37029
12.1,8260,37031
16.6,3515,37033
12.3,19702,37035
8.9,7015,37037
15.1,4403,37039
16.3,2222,37041
13.6,1566,37043
16.7,16448,37045
20.9,9902,37047
13.9,13551,37049
15.9,50909,37051
8.9,2753,37053
7.9,2960,37055
12.5,21311,37057
11.4,4985,37059
20.2,9784,37061
11.1,35109,37063
20.8,9969,37065
14.7,55366,37067
10.9,7968,37069
12.0,27520,37071
14.2,1452,37073
14.8,1167,37075
11.4,6631,37077
25.3,4313,37079
16.4,85573,37081
19.6,9123,37083
13.3,18068,37085
11.6,7163,37087
12.3,14418,37089
22.8,4146,37091
14.6,7761,37093
20.8,812,37095
9.4,18210,37097
17.6,6916,37099
10.0,23285,37101
17.1,1560,37103
15.8,10200,37105
21.3,11408,37107
9.0,8267,37109
16.1,7020,37111
12.4,4662,37113
15.0,3121,37115
20.4,4340,37117
10.3,115511,37119
15.7,2356,37121
16.4,4139,37123
9.8,10220,37125
14.5,13636,37127
11.7,26876,37129
19.6,3229,37131
12.4,22869,37133
13.3,18594,37135
15.5,1799,37137
15.4,5922,37139
10.5,6779,37141
13.4,1751,37143
13.8,5397,37145
19.5,32848,37147
13.0,2546,37149
14.2,20479,37151
22.6,9410,37153
26.1,29466,37155
17.0,15436,37157
14.9,21651,37159
16.4,10500,37161
20.1,11707,37163
24.1,7420,37165
12.9,8046,37167
10.5,4683,37169
17.3,12242,37171
13.5,1846,37173
13.4,4362,37175
19.7,639,37177
7.1,17565,37179
20.1,8368,37181
7.5,86727,37183
20.7,3695,37185
21.1,2252,37187
21.0,10007,37189
18.0,20467,37191
19.1,12348,37193
19.7,15293,37195
12.1,4478,37197
14.8,2766,37199
12.5,256,38001
11.5,1177,38003
25.3,1441,38005
10.0,102,38007
9.5,587,38009
9.0,257,38011
9.6,207,38013
9.8,9332,38015
11.8,21797,38017
8.9,313,38019
12.8,604,38021
10.9,233,38023
11.4,450,38025
11.6,261,38027
12.2,388,38029
9.2,303,38031
14.8,253,38033
13.4,9118,38035
20.3,448,38037
12.0,260,38039
12.1,276,38041
14.9,356,38043
9.9,398,38045
14.8,265,38047
12.0,614,38049
14.5,344,38051
8.6,1188,38053
10.1,969,38055
7.2,587,38057
10.0,3291,38059
10.1,934,38061
10.9,315,38063
9.7,179,38065
9.6,635,38067
11.6,442,38069
13.0,1437,38071
7.8,425,38073
8.6,188,38075
9.6,1504,38077
25.7,3020,38079
8.0,301,38081
17.2,220,38083
33.0,1196,38085
12.1,81,38087
9.3,2980,38089
7.8,139,38091
10.9,2162,38093
10.0,204,38095
8.6,654,38097
10.7,1097,38099
9.8,6529,38101
12.5,481,38103
8.0,3009,38105
19.8,5354,39001
12.9,12570,39003
10.6,5393,39005
17.4,16280,39007
21.6,11625,39009
8.4,3790,39011
17.2,10591,39013
16.3,7019,39015
11.7,44146,39017
11.6,3055,39019
9.8,3753,39021
15.1,19944,39023
9.0,18724,39025
12.2,4970,39027
15.5,15017,39029
15.1,5448,39031
15.2,6206,39033
16.6,201450,39035
10.9,5539,39037
10.7,4023,39039
4.6,10385,39041
11.4,8335,39043
8.8,13961,39045
14.7,4166,39047
15.1,195678,39049
8.1,3393,39051
20.0,5676,39053
6.4,5997,39055
9.4,15145,39057
15.2,5719,39059
15.6,124767,39061
8.6,6286,39063
15.0,4269,39065
13.9,1962,39067
9.0,2444,39069
14.8,6339,39071
15.2,4194,39073
8.0,3505,39075
12.9,7438,39077
18.4,5912,39079
18.8,11626,39081
12.2,7287,39083
8.9,20444,39085
17.1,9583,39087
10.2,18074,39089
12.9,5858,39091
12.8,39513,39093
17.9,74533,39095
10.0,3926,39097
19.2,41912,39099
16.9,10029,39101
6.8,12288,39103
18.3,3969,39105
8.3,3447,39107
9.8,10693,39109
13.9,1823,39111
14.3,74391,39113
17.0,2292,39115
10.8,3783,39117
13.7,11524,39119
15.9,1835,39121
9.9,3917,39123
10.0,1861,39125
15.5,5445,39127
9.6,5369,39129
19.7,5252,39131
12.4,19299,39133
10.5,4221,39135
6.5,2206,39137
15.2,17953,39139
13.7,9783,39141
12.1,6996,39143
21.8,15113,39145
12.0,6258,39147
9.3,4402,39149
13.2,48044,39151
12.6,66303,39153
16.2,31959,39155
11.5,10432,39157
5.2,3331,39159
9.3,2634,39161
20.9,2607,39163
5.5,13373,39165
15.3,8812,39167
10.2,11468,39169
12.3,4368,39171
12.1,15268,39173
9.1,1929,39175
20.7,4014,40001
17.9,797,40003
20.0,2523,40005
12.4,613,40007
19.3,3771,40009
16.9,1401,40011
16.4,7726,40013
19.1,4294,40015
8.7,14428,40017
15.5,7436,40019
18.5,8578,40021
24.4,3451,40023
17.0,381,40025
13.3,37908,40027
23.3,1221,40029
15.9,17939,40031
18.7,1014,40033
20.6,2740,40035
14.7,10554,40037
15.8,4169,40039
17.5,7158,40041
14.1,611,40043
15.1,544,40045
15.6,9431,40047
16.8,4272,40049
15.0,8226,40051
14.4,581,40053
22.8,1062,40055
26.1,617,40057
10.7,331,40059
20.5,2372,40061
22.8,2649,40063
17.0,4032,40065
21.3,1132,40067
20.8,2080,40069
16.0,6820,40071
12.0,1803,40073
22.8,1872,40075
20.7,1930,40077
19.0,8966,40079
15.3,5189,40081
12.0,6069,40083
13.5,1363,40085
10.0,4499,40087
20.9,6395,40089
20.9,4013,40091
12.2,900,40093
15.5,2413,40095
17.8,6977,40097
13.5,1783,40099
19.1,11939,40101
12.0,1278,40103
15.7,1476,40105
23.8,2395,40107
16.0,125992,40109
19.2,6844,40111
14.1,6270,40113
19.8,5806,40115
16.9,2618,40117
19.4,14232,40119
17.1,7068,40121
14.1,5262,40123
19.2,13444,40125
22.1,2344,40127
16.3,538,40129
10.3,10019,40131
25.0,5672,40133
21.2,8282,40135
19.4,8361,40137
12.7,2543,40139
21.1,1446,40141
15.4,102568,40143
9.2,7946,40145
14.0,7268,40147
17.4,1825,40149
17.2,1300,40151
14.7,2744,40153
15.5,2570,41001
17.8,16365,41003
8.2,34381,41005
12.9,5342,41007
11.2,5957,41009
16.5,10552,41011
10.6,2786,41013
13.9,3266,41015
9.6,19627,41017
16.9,18753,41019
11.2,223,41021
15.5,1106,41023
14.8,1095,41025
10.1,2408,41027
12.5,27349,41029
12.0,2911,41031
18.0,15571,41033
15.5,10752,41035
16.5,1291,41037
15.1,56320,41039
15.5,7756,41041
12.8,16554,41043
19.8,5681,41045
13.6,45903,41047
13.4,1637,41049
12.1,94900,41051
12.7,11158,41053
13.3,259,41055
12.0,3256,41057
11.8,8917,41059
14.9,3841,41061
12.0,908,41063
16.0,4160,41065
7.6,45303,41067
15.9,228,41069
10.7,11015,41071
8.6,8731,42001
11.3,135204,42003
12.5,7982,42005
10.2,16640,42007
12.6,5913,42009
10.8,45310,42011
13.1,15337,42013
12.4,7360,42015
5.9,37561,42017
8.9,16947,42019
16.2,20467,42021
13.0,571,42023
10.2,6600,42025
16.0,22171,42027
5.6,29965,42029
13.7,4821,42031
11.7,8635,42033
12.9,4650,42035
13.9,8498,42037
13.9,10976,42039
7.9,20090,42041
12.3,34778,42043
9.7,53893,42045
10.0,3009,42047
14.9,38149,42049
17.2,21097,42051
25.5,1038,42053
8.6,13339,42055
11.2,1608,42057
13.0,4164,42059
13.0,5036,42061
14.0,10759,42063
13.3,5738,42065
11.1,2555,42067
13.1,27211,42069
9.1,48929,42071
12.7,10521,42073
11.3,15850,42075
11.3,41650,42077
15.2,47930,42079
12.0,12939,42081
15.4,5725,42083
12.5,12979,42085
14.7,6660,42087
12.3,20227,42089
6.6,55916,42091
9.6,1680,42093
10.6,32077,42095
14.0,12222,42097
8.7,3968,42099
21.5,325746,42101
9.0,5417,42103
15.0,2399,42105
12.2,16576,42107
9.8,3635,42109
14.3,9781,42111
13.1,739,42113
11.2,4219,42115
12.2,4822,42117
11.4,4022,42119
13.8,6772,42121
13.5,5002,42123
11.5,23615,42125
12.8,6205,42127
9.7,33697,42129
11.6,2952,42131
9.1,41364,42133
6.9,3277,44001
7.4,12518,44003
7.2,5831,44005
14.0,88238,44007
6.5,7993,44009
17.0,4011,45001
17.0,29144,45003
36.7,2423,45005
15.3,31607,45007
28.4,3471,45009
21.2,4222,45011
10.0,18794,45013
9.0,21513,45015
15.2,2127,45017
11.6,47690,45019
17.3,9482,45021
17.9,5678,45023
19.6,8439,45025
20.3,6008,45027
20.3,7753,45029
20.9,12842,45031
30.3,8272,45033
10.7,17484,45035
16.4,4048,45037
18.1,3644,45039
20.4,27332,45041
15.2,9713,45043
10.1,54179,45045
18.4,12235,45047
21.9,3665,45049
12.5,46928,45051
17.2,5310,45053
12.3,8257,45055
10.6,10876,45057
18.0,11924,45059
27.9,4098,45061
11.0,33295,45063
17.0,1531,45065
31.6,8923,45067
28.7,6709,45069
17.4,6384,45071
16.7,13261,45073
24.6,19422,45075
16.0,19849,45077
16.2,63715,45079
15.8,2963,45081
14.6,49261,45083
14.4,14610,45085
18.4,4852,45087
26.3,7479,45089
8.3,23957,45091
11.1,296,46003
12.9,2448,46005
30.7,1008,46007
14.5,817,46009
13.3,4298,46011
11.0,4064,46013
14.8,765,46015
39.7,733,46017
12.3,1312,46019
12.4,166,46021
21.5,1918,46023
13.5,497,46025
20.0,2550,46027
10.9,3090,46029
42.4,1615,46031
9.3,831,46033
13.7,2680,46035
15.2,816,46037
8.5,366,46039
25.4,1298,46041
12.1,320,46043
10.1,394,46045
15.1,1083,46047
18.0,351,46049
10.9,793,46051
16.2,627,46053
12.9,232,46055
8.2,508,46057
9.7,300,46059
9.3,312,46061
11.9,158,46063
9.6,1619,46065
12.7,888,46067
12.3,141,46069
28.8,799,46071
14.9,237,46073
14.9,131,46075
10.0,514,46077
10.0,1040,46079
10.8,2842,46081
5.3,3755,46083
22.3,812,46085
9.6,538,46087
16.3,365,46089
12.5,530,46091
7.8,2299,46093
35.0,644,46095
12.1,269,46097
9.2,18266,46099
11.6,725,46101
42.3,5529,46102
14.3,15784,46103
15.5,427,46105
9.8,235,46107
17.4,1727,46109
13.6,316,46111
12.1,722,46115
8.4,252,46117
7.6,111,46119
39.5,3598,46121
19.8,1053,46123
8.3,724,46125
6.0,1020,46127
15.1,785,46129
11.2,2420,46135
38.9,929,46137
13.1,10167,47001
12.6,6431,47003
16.7,2649,47005
22.6,2907,47007
9.7,13365,47009
13.1,14210,47011
20.4,7956,47013
10.7,1563,47015
16.0,4353,47017
18.3,10052,47019
8.6,3582,47021
15.1,2460,47023
20.2,6259,47025
20.5,1546,47027
22.5,8235,47029
16.9,9937,47031
16.6,2264,47033
14.0,8833,47035
14.0,95816,47037
16.9,1915,47039
15.6,3245,47041
11.1,6135,47043
17.1,6131,47045
10.4,4486,47047
23.3,4428,47049
13.2,5530,47051
14.9,7424,47053
15.9,4708,47055
16.5,3956,47057
17.1,11835,47059
21.3,2887,47061
15.1,9734,47063
11.8,43066,47065
27.1,1819,47067
22.2,4824,47069
23.7,6278,47071
14.6,8385,47073
20.7,3571,47075
16.9,4634,47077
15.5,4941,47079
14.5,3489,47081
13.7,1101,47083
12.8,2381,47085
19.1,2254,47087
11.1,6138,47089
22.3,3686,47091
11.6,55899,47093
34.2,1622,47095
19.5,4449,47097
13.6,6112,47099
14.4,1841,47101
13.9,4966,47103
10.2,5881,47105
14.9,8003,47107
17.3,4424,47109
14.7,3793,47111
14.9,14152,47113
13.9,4000,47115
11.0,3905,47117
10.4,11092,47119
16.6,2176,47121
14.9,7002,47123
11.2,25722,47125
10.0,664,47127
16.9,3253,47129
16.9,5068,47131
15.1,3444,47133
16.9,1438,47135
16.1,810,47137
15.4,2717,47139
19.1,15140,47141
14.4,4752,47143
13.2,7203,47145
9.1,6825,47147
9.4,33552,47149
21.5,4675,47151
17.5,2889,47153
11.6,11335,47155
16.6,150180,47157
12.6,2551,47159
13.1,1814,47161
15.3,24274,47163
7.5,15086,47165
13.9,8453,47167
16.7,1609,47169
15.1,2624,47171
16.2,3281,47173
15.3,969,47175
15.0,6223,47177
14.1,18496,47179
19.7,2792,47181
18.0,5568,47183
16.4,4567,47185
4.1,10671,47187
7.2,11221,47189
19.3,8553,48001
12.2,2223,48003
15.9,13520,48005
17.4,4263,48007
9.0,789,48009
10.2,184,48011
16.2,8191,48013
15.0,4625,48015
16.3,1084,48017
11.7,2580,48019
12.3,12789,48021
13.9,473,48023
28.7,6613,48025
14.2,53701,48027
15.6,314925,48029
8.4,1031,48031
11.5,67,48033
12.4,2277,48035
18.8,16274,48037
10.1,38062,48039
22.2,49079,48041
14.0,1239,48043
15.4,220,48045
28.0,1804,48047
17.4,6377,48049
15.4,2839,48051
9.0,4642,48053
14.5,6652,48055
15.9,3071,48057
13.7,1932,48059
22.6,95070,48061
18.1,2290,48063
8.6,495,48065
17.4,4902,48067
16.7,1197,48069
8.3,4236,48071
16.8,8284,48073
20.0,1101,48075
10.7,1108,48077
26.3,657,48079
15.4,501,48081
18.0,1401,48083
4.8,55552,48085
16.9,431,48087
14.5,2944,48089
7.1,13044,48091
16.6,2276,48093
20.2,466,48095
12.5,5277,48097
12.2,8818,48099
20.2,263,48101
11.4,506,48103
15.8,457,48105
22.0,1084,48107
20.1,432,48109
11.1,801,48111
14.2,364132,48113
22.2,2339,48115
16.9,3071,48117
16.6,888,48119
7.8,75587,48121
19.8,3599,48123
16.2,279,48125
25.1,2057,48127
17.9,537,48129
27.0,2426,48131
14.9,2567,48133
16.2,25752,48135
20.7,291,48137
9.0,18830,48139
21.0,179428,48141
12.9,5198,48143
21.4,3247,48145
13.7,4662,48147
10.8,2651,48149
16.9,612,48151
21.3,1106,48153
17.0,174,48155
7.9,69965,48157
13.7,1444,48159
15.7,2874,48161
24.6,3706,48163
14.7,3239,48165
13.5,47446,48167
26.6,1073,48169
9.6,2613,48171
9.1,106,48173
14.5,1025,48175
15.4,3011,48177
16.7,3244,48179
11.1,15629,48181
16.2,19744,48183
15.5,4386,48185
9.5,17172,48187
21.5,6435,48189
23.1,643,48191
13.7,1118,48193
11.3,574,48195
16.3,572,48197
13.2,7590,48199
16.4,775281,48201
15.7,10570,48203
9.0,389,48205
20.4,996,48207
9.9,25751,48209
11.2,350,48211
13.0,10798,48213
27.4,240721,48215
15.6,5714,48217
14.9,3104,48219
9.8,6447,48221
12.8,4779,48223
20.1,3924,48225
17.0,4813,48227
35.7,863,48229
12.9,13548,48231
11.9,2359,48233
8.6,131,48235
15.8,1237,48237
15.2,2233,48239
19.4,6202,48241
13.3,254,48243
18.8,44645,48245
26.9,1263,48247
24.8,9541,48249
10.0,19258,48251
22.0,3224,48253
19.5,2296,48255
8.6,14630,48257
7.0,3384,48259
7.6,27,48261
11.8,82,48263
12.5,6477,48265
16.9,745,48267
10.3,24,48269
21.0,563,48271
26.7,7761,48273
19.3,613,48275
15.0,7422,48277
17.8,2235,48279
13.0,2928,48281
29.0,1485,48283
12.5,2521,48285
12.3,2170,48287
14.0,2265,48289
19.9,19323,48291
18.7,3972,48293
13.6,383,48295
19.2,1892,48297
12.8,2857,48299
3.9,2,48301
17.3,52929,48303
15.6,883,48305
18.6,1370,48307
16.0,40862,48309
12.6,72,48311
16.7,1915,48313
17.9,1695,48315
13.7,710,48317
12.5,497,48319
19.9,7106,48321
21.9,12535,48323
11.8,6070,48325
20.6,398,48327
11.6,19792,48329
16.6,4189,48331
15.0,646,48333
21.5,1451,48335
14.8,3084,48337
8.5,57427,48339
11.5,2392,48341
18.5,2218,48343
18.3,188,48345
23.3,14076,48347
22.9,12232,48349
18.1,2162,48351
18.3,2605,48353
17.3,59461,48355
11.7,1118,48357
12.3,194,48359
13.8,11655,48361
15.7,4549,48363
13.7,3063,48365
7.8,12854,48367
13.9,1327,48369
17.9,2300,48371
18.7,9204,48373
19.5,21130,48375
23.0,1354,48377
13.9,1770,48379
8.5,12193,48381
11.3,355,48383
16.6,457,48385
19.3,2200,48387
22.9,2589,48389
17.5,1145,48391
9.5,76,48393
17.6,2993,48395
4.7,5809,48397
16.0,1550,48399
17.4,8322,48401
16.8,1670,48403
19.9,1522,48405
16.8,4748,48407
17.2,11937,48409
18.9,978,48411
16.0,370,48413
15.2,2326,48415
12.6,398,48417
20.5,4878,48419
12.1,334,48421
11.8,27902,48423
9.0,868,48425
32.8,21456,48427
18.9,1602,48429
12.1,167,48431
15.8,181,48433
13.8,443,48435
19.9,1244,48437
10.6,225849,48439
16.2,22632,48441
18.2,126,48443
20.6,2228,48445
12.9,199,48447
16.0,4934,48449
13.1,15080,48451
10.1,131687,48453
15.9,2205,48455
17.5,3166,48457
15.6,6553,48459
15.6,482,48461
24.9,5983,48463
21.3,9706,48465
13.6,8488,48467
15.5,13969,48469
20.0,11970,48471
14.3,7974,48473
14.6,1581,48475
13.5,4606,48477
20.9,55124,48479
14.6,6017,48481
15.3,727,48483
15.5,18368,48485
16.6,2025,48487
29.0,5082,48489
6.2,41275,48491
10.5,5481,48493
14.0,1009,48495
8.2,6023,48497
13.0,5895,48499
14.1,1038,48501
15.7,2792,48503
32.8,4508,48505
29.1,2709,48507
9.9,685,49001
8.1,4923,49003
12.2,16598,49005
13.5,2748,49007
7.3,74,49009
6.4,23448,49011
13.8,2760,49013
11.6,1168,49015
9.3,479,49017
10.9,1051,49019
12.7,7723,49021
7.6,946,49023
9.2,734,49025
10.5,1380,49027
4.0,514,49029
14.5,215,49031
8.8,231,49033
7.7,90158,49035
22.8,3208,49037
15.2,4096,49039
10.1,2185,49041
5.4,2316,49043
6.5,5151,49045
11.9,4402,49047
8.1,55585,49049
5.0,1808,49051
9.7,18880,49053
11.5,305,49055
8.5,22590,49057
8.8,3037,50001
11.0,3986,50003
12.1,3632,50005
9.8,15769,50007
12.1,722,50009
8.6,4316,50011
8.6,642,50013
9.2,2361,50015
10.3,3032,50017
13.8,3713,50019
12.4,7261,50021
9.3,5382,50023
10.9,4821,50025
8.7,4992,50027
16.0,5236,51001
8.4,9024,51003
13.5,1966,51005
11.3,1510,51007
12.8,3953,51009
12.0,1996,51011
6.8,15822,51013
8.2,6185,51015
12.6,500,51017
8.4,6770,51019
13.4,731,51021
7.0,2373,51023
20.8,2880,51025
26.9,4865,51027
18.4,2732,51029
12.7,6910,51031
10.5,3302,51033
15.8,4591,51035
11.8,776,51036
18.2,2065,51037
6.9,25672,51041
7.2,1081,51043
11.8,570,51045
8.3,4362,51047
15.1,1464,51049
23.4,3113,51051
11.0,3047,51053
13.3,1401,51057
5.9,66177,51059
6.4,4759,51061
12.3,1897,51063
7.7,2065,51065
13.3,7186,51067
7.2,6794,51069
12.0,1954,51071
8.7,3419,51073
6.1,1548,51075
19.3,2749,51077
8.4,1753,51079
21.1,1667,51081
16.5,5445,51083
5.2,5754,51085
9.2,30491,51087
17.1,8414,51089
12.9,295,51091
8.5,3407,51093
6.9,5478,51095
14.2,953,51097
6.9,1904,51099
7.3,1351,51101
14.2,1489,51103
24.4,4981,51105
3.8,16440,51107
10.7,4288,51109
21.9,2418,51111
10.7,1469,51113
8.8,739,51115
19.4,5741,51117
12.2,1293,51119
21.0,18472,51121
12.8,1864,51125
5.1,1243,51127
19.1,2230,51131
13.3,1634,51133
21.2,2892,51135
10.1,3820,51137
13.1,3075,51139
14.4,2487,51141
14.4,8407,51143
5.6,1702,51145
20.3,3554,51147
11.4,3863,51149
6.9,33481,51153
14.0,4551,51155
9.8,731,51157
16.3,1226,51159
7.5,7062,51161
12.1,2677,51163
10.5,8740,51165
18.4,4645,51167
19.5,4021,51169
12.4,5498,51171
19.7,5672,51173
15.0,2469,51175
8.3,12109,51177
5.5,8703,51179
12.4,806,51181
23.5,2012,51183
17.6,6687,51185
9.8,3950,51187
11.3,5905,51191
16.1,2989,51193
22.2,7279,51195
15.7,4392,51197
5.1,3563,51199
9.0,13926,51510
20.7,3452,51520
15.7,942,51530
21.8,9354,51540
8.7,21696,51550
10.4,1876,51570
16.2,906,51580
26.8,10935,51590
22.2,1170,51595
7.6,1861,51600
4.1,588,51610
19.0,1544,51620
15.0,3983,51630
22.0,1428,51640
14.4,19408,51650
28.5,12480,51660
17.9,4053,51670
20.0,952,51678
19.6,13550,51680
9.1,3864,51683
8.9,1480,51685
20.6,2743,51690
17.2,30290,51700
18.8,39741,51710
20.3,725,51720
22.8,7499,51730
5.6,692,51735
19.8,18630,51740
24.6,3263,51750
21.6,47338,51760
19.9,19041,51770
10.9,2548,51775
12.4,3031,51790
11.6,11279,51800
9.9,44340,51810
12.9,2911,51820
18.6,2044,51830
16.3,4373,51840
14.6,3025,53001
16.0,3548,53003
10.9,23033,53005
9.3,7342,53007
11.8,9001,53009
8.6,44218,53011
11.8,471,53013
13.2,14574,53015
8.6,3777,53017
16.3,1205,53019
10.8,10356,53021
12.3,288,53023
14.2,14238,53025
18.3,13651,53027
6.6,5577,53029
11.2,3707,53031
8.5,190175,53033
9.5,25406,53035
11.0,4918,53037
12.1,2802,53039
11.7,9934,53041
10.8,1237,53043
11.4,7520,53045
16.9,7212,53047
13.6,3262,53049
15.6,2192,53051
9.1,82369,53053
9.5,1774,53055
11.4,14795,53057
9.6,1197,53059
8.5,70524,53061
12.2,65239,53063
13.0,6201,53065
8.7,25609,53067
11.4,534,53069
13.1,7540,53071
11.5,25890,53073
19.5,8185,53075
16.5,41877,53077
19.6,2871,54001
11.1,14175,54003
18.5,3850,54005
21.0,2459,54007
12.6,2656,54009
19.4,17142,54011
22.2,1341,54013
23.8,1843,54015
20.2,1327,54017
20.2,7671,54019
23.2,1314,54021
14.3,1544,54023
18.1,5783,54025
15.5,3563,54027
11.9,3322,54029
12.7,1792,54031
15.0,9584,54033
18.2,5008,54035
9.3,5357,54037
17.7,30549,54039
17.9,2977,54041
24.0,4743,54043
25.5,7800,54045
37.6,5944,54047
15.4,8380,54049
17.6,5071,54051
18.7,4519,54053
21.2,12167,54055
15.8,4158,54057
30.7,6886,54059
18.6,18418,54061
15.0,1825,54063
15.7,2701,54065
18.7,4521,54067
14.8,5831,54069
15.2,898,54071
14.5,988,54073
19.6,1472,54075
14.0,4305,54077
10.4,5911,54079
19.6,13637,54081
16.9,4254,54083
19.6,1594,54085
18.8,2577,54087
23.1,2483,54089
16.4,2605,54091
16.2,1040,54093
15.3,1235,54095
18.5,4198,54097
17.9,6752,54099
23.7,1911,54101
20.8,2887,54103
18.7,950,54105
18.7,15321,54107
25.3,5162,54109
15.8,3158,55001
14.1,2180,55003
12.6,5806,55005
10.5,1736,55007
9.8,25824,55009
9.6,1279,55011
11.7,1974,55013
5.5,2865,55015
10.1,6485,55017
12.7,4361,55019
7.6,4341,55021
11.4,1749,55023
10.3,57011,55025
8.9,7403,55027
7.8,2350,55029
11.0,4703,55031
10.8,4596,55033
11.5,11756,55035
11.1,516,55037
9.3,9397,55039
13.9,1284,55041
12.8,6152,55043
7.1,2583,55045
10.5,2000,55047
8.7,2054,55049
11.2,685,55051
12.7,2485,55053
8.3,6817,55055
14.1,3562,55057
9.8,16116,55059
7.5,1539,55061
11.5,13327,55063
10.5,1761,55065
12.0,2303,55067
11.2,3131,55069
10.6,8492,55071
11.0,14999,55073
11.7,4840,55075
11.8,1837,55077
24.2,1010,55078
17.4,157016,55079
13.6,6209,55081
9.1,3568,55083
11.7,4419,55085
7.3,13737,55087
5.8,5245,55089
9.3,688,55091
8.5,3411,55093
8.6,3868,55095
9.9,6692,55097
12.2,1717,55099
9.6,18463,55101
11.6,1969,55103
10.3,16659,55105
13.2,1843,55107
5.4,5135,55109
9.4,6112,55111
15.1,2751,55113
11.4,4608,55115
9.4,10828,55117
11.4,2249,55119
9.2,2804,55121
14.8,4560,55123
10.4,2456,55125
10.0,10286,55127
11.7,1958,55129
6.1,8309,55131
5.2,21345,55133
11.0,5552,55135
15.0,3571,55137
11.4,18809,55139
11.0,8078,55141
16.8,5927,56001
14.3,1658,56003
8.6,3998,56005
12.1,1671,56007
12.1,1653,56009
8.6,638,56011
17.0,6508,56013
14.8,1701,56015
12.7,569,56017
8.6,741,56019
10.2,10114,56021
8.2,1677,56023
10.8,8480,56025
16.0,335,56027
10.8,3211,56029
12.1,1029,56031
9.5,2981,56033
7.6,658,56035
12.4,5039,56037
5.2,1212,56039
10.8,2207,56041
10.9,822,56043
11.5,725,56045
